time,open,high,low,close,vwap,volume,log_return,volatility_14,rsi_14,zscore_14
2023-06-14,136.5,137.21,131.2,133.98,134.47,3625.55527297,-0.018634079544892983,0.023777297966082682,29.933149881844884,-1.8303786029316698
2023-06-15,133.7,135.07,131.51,134.56,133.17,3079.2782732,0.004319661144516601,0.02381047949155911,31.697732159258223,-1.4315392959368753
2023-06-16,134.03,137.31,132.5,134.66,134.84,2207.60559371,0.0007428868924968702,0.02385912935701306,32.015635470317605,-1.2096251128618576
2023-06-17,134.68,137.03,134.61,136.38,136.07,2307.13342016,0.012692023975372077,0.02366418611268412,37.41157507556059,-0.761621886243536
2023-06-18,136.5,141.0,136.35,137.23,138.63,3058.53427886,0.006213243189034894,0.023863752156816877,39.948216666427015,-0.47716794340418395
2023-06-19,137.42,139.3,136.3,138.28,137.7,3772.55695329,0.0076222647718821495,0.020492045999438244,43.020349059454084,-0.17553164552363504
2023-06-20,138.11,142.78,137.32,141.85,140.33,4784.56636596,0.025489546201436567,0.018334245262736307,52.0097479139226,0.9154882500631362
2023-06-21,141.57,145.9,141.18,145.12,143.98,6826.72716519,0.022790825111966125,0.01920405729695867,58.47241470487186,1.8417444134781786
2023-06-22,145.26,153.05,145.19,149.92,148.95,10124.19127218,0.03254083212328557,0.02031066680579776,65.76120386371602,2.3638295926769453
2023-06-23,149.92,155.46,149.04,154.53,151.88,7365.64243983,0.030286433755491622,0.021527560067747586,71.02179511983672,2.406637172244244
2023-06-24,154.5,159.81,153.48,156.58,156.09,6756.32242437,0.013178809234164627,0.016920115010564802,73.00784968177956,2.048709013768813
2023-06-25,156.68,166.08,156.07,163.26,162.0,6470.01372009,0.04177696054344174,0.018882236324167783,78.24102626705374,2.1432126212224003
2023-06-26,163.25,165.92,158.43,163.59,163.25,6711.22837799,0.0020192755828699347,0.01904016711179545,78.46316887653202,1.7389529242387793
2023-06-27,163.86,170.79,163.6,167.92,168.08,6232.17655823,0.02612437790629749,0.015955787224882514,81.17841003952189,1.7199229879159903
2023-06-28,167.7,170.51,162.8,164.64,166.38,4052.51588413,-0.019726403426638058,0.016133521637060284,73.60795492648452,1.2463429165948847
2023-06-29,164.58,167.9,160.7,164.15,164.66,7767.19804151,-0.002980628138137678,0.016606545426266783,72.51991297246363,1.0502402948007565
2023-06-30,164.03,169.49,160.87,168.24,166.31,14513.68881608,0.024610887446842724,0.016342035180245483,75.74298596350664,1.2103699754525414
2023-07-01,168.42,169.22,166.76,167.12,168.2,2820.55462461,-0.006679414146134019,0.01741937240412604,73.2107380600755,0.9847914111754549
2023-07-02,166.82,168.64,163.0,168.59,165.02,2224.47610182,0.008757614579399508,0.01733913789192913,74.41954264520524,0.9960907432382121
2023-07-03,168.7,172.49,167.38,168.86,169.26,3953.21391799,0.00160023741364421,0.017600968129673693,74.64583804361676,0.9341156836973126
2023-07-04,168.59,170.99,166.26,166.27,168.59,4690.60950901,-0.015456996189065863,0.018944118850577344,68.39534012599447,0.5582442063830639
2023-07-05,166.28,169.69,161.94,166.78,165.7,5531.1012876,0.003062605606551161,0.01876015083280885,68.94674579966409,0.5443967264038799
2023-07-06,166.78,169.66,164.0,165.61,167.07,5361.57507744,-0.0070399520574396844,0.018061058892549164,66.0976534889565,0.20537843070253745
2023-07-07,165.47,168.56,163.94,165.49,165.61,5324.75234601,-0.0007248565705477274,0.016861749217016886,65.79733565464363,-0.005423904362137534
2023-07-08,165.51,168.89,165.28,167.2,166.34,6076.37788796,0.010279930619749272,0.01676973982762801,68.02670499384944,0.5022810141709771
2023-07-09,167.24,168.8,165.17,165.79,167.36,2684.86422215,-0.008468773399227374,0.013223036293495978,64.30473616289612,-0.3960423223336846
2023-07-10,165.7,166.82,163.18,163.58,165.36,2756.68914741,-0.013419759944545685,0.013772705999653544,58.86808979993049,-1.727584787171358
2023-07-11,163.57,165.5,163.0,165.13,164.34,2612.23082636,0.009430875168068897,0.01193683337487272,61.33701329018176,-0.6826286736816274
2023-07-12,165.17,165.43,162.81,163.31,163.86,2151.29386565,-0.011082807386244996,0.011098834201808053,57.00985240598497,-1.6061064749981466
2023-07-13,163.12,167.7,161.76,165.32,164.02,5740.06783066,0.012232754554879703,0.011579975498121566,60.33772995407068,-0.5403540488405845
2023-07-14,165.32,166.52,156.67,160.67,161.75,5603.1621681,-0.028530417588287903,0.011779182679083075,50.5824480388879,-2.336110526851956
2023-07-15,160.52,166.22,158.98,164.76,162.39,3168.42043827,0.025137297512636256,0.01394483359832602,57.145453945159474,-0.36073203630026435
2023-07-16,164.81,166.22,163.34,165.39,164.89,1653.55057314,0.0038164517018219957,0.013739458455611744,58.06920841648815,0.04808878749610768
2023-07-17,165.46,169.0,163.01,168.47,166.58,6977.17027456,0.01845137112841078,0.014722528373189454,62.34288408332911,1.7046144252818762
2023-07-18,168.34,168.91,164.25,166.96,166.82,3396.21169735,-0.009003429629167328,0.014301927889629126,59.15939658562778,0.8572971032021831
2023-07-19,167.02,170.21,165.13,165.85,168.24,3661.43196765,-0.006670497375883983,0.0143933595385013,56.86081433359903,0.31872288878207033
2023-07-20,165.85,168.35,163.43,165.75,165.64,2222.26660772,-0.0006031363270894689,0.014267175037703469,56.647275412420264,0.2597449722243183
2023-07-21,165.87,166.21,160.45,162.1,163.03,3663.68493238,-0.022267200324341502,0.015469411292724297,49.360709314161255,-1.419799059274121
2023-07-22,161.99,163.76,161.22,162.12,162.57,1708.95366533,0.00012337301847750344,0.01510953434675249,49.39911749947323,-1.2137795279490002
2023-07-23,162.02,166.38,161.68,163.78,164.33,2816.99531786,0.010187262081934469,0.015335489783309834,52.61180938934398,-0.35344948654139197
2023-07-24,163.87,164.52,160.05,160.99,162.02,2701.64544822,-0.017181812587839147,0.015602914996344813,47.18890794886783,-1.469910703751174
2023-07-25,161.0,163.0,159.9,162.91,161.79,2205.20052615,0.011855649823874955,0.015742118784788556,50.936791813234976,-0.5505911902437327
2023-07-26,162.98,163.56,161.37,162.82,162.67,2411.64019284,-0.0005526049322463524,0.015470824762877856,50.754961851796125,-0.5701794264143264
2023-07-27,162.81,164.09,161.26,162.18,162.67,1649.25899953,-0.003938466629420295,0.015068442766085703,49.404378334074146,-0.7413027021174857
2023-07-28,162.03,164.49,161.94,163.09,163.31,2210.63696749,0.005595366152415065,0.012947763068188865,51.385253322735956,-0.46013654702687856
2023-07-29,162.83,164.31,162.21,163.2,163.23,1078.04056221,0.0006742468611800324,0.010945491763506789,51.631766610331375,-0.35715031079308723
2023-07-30,163.18,163.76,158.53,160.37,161.93,2404.99460402,-0.017492797009289057,0.011725995994222945,45.27149609774543,-1.3985257071484414
2023-07-31,160.36,161.9,159.8,161.23,160.73,3909.68272825,0.005348271454930772,0.010398512964978162,47.39231925784503,-0.9684983236485637
2023-08-01,161.28,163.56,157.43,160.28,160.38,5166.22326302,-0.00590963120770459,0.010296639381947144,45.303814407660404,-1.3664837350603838
2023-08-02,160.36,161.02,158.81,159.98,160.08,4548.37920997,-0.0018734783472680947,0.010241779329618736,44.634878945464315,-1.4113439721997263
2023-08-03,160.0,161.47,159.8,160.35,160.24,11714.10988183,0.002310118718488188,0.010314240454652885,45.69979667798013,-1.1547875571782342
2023-08-04,160.33,161.59,157.4,158.59,159.31,4240.56578341,-0.011036670628654311,0.009000411894034915,41.60080388280057,-1.946557159948668
2023-08-05,158.49,161.1,157.62,159.57,158.91,2222.00390489,0.006160441911826311,0.009229170717416005,44.58148725505987,-1.127800451770683
2023-08-06,159.47,160.76,159.17,159.48,159.82,1556.2213178,-0.000564174909181696,0.00864353641099752,44.35757498731281,-1.0481196858558686
2023-08-07,159.52,160.72,157.2,158.43,158.81,2337.63225412,-0.006605667126202634,0.007604996480081586,41.724598532456724,-1.4670531015188875
2023-08-08,158.45,160.1,157.9,158.93,158.87,1563.16698939,0.003150998321776837,0.006770381620462377,43.44609896530652,-1.0186979662523568
2023-08-09,158.93,159.56,156.5,157.3,158.25,4744.62956031,-0.010309043644496002,0.007128453216174533,39.36366070678582,-1.679576485422832
2023-08-10,157.31,157.56,154.32,156.09,155.27,4441.85635338,-0.00772204609391039,0.007259192748674723,36.613297014809305,-1.8884004697268422
2023-08-11,156.06,157.82,155.48,156.74,156.32,4313.76869179,0.004155617654396785,0.007141359803484692,39.075911100800454,-1.3896644687258248
2023-08-12,156.74,158.19,156.54,157.92,157.3,2211.11135104,0.007500194060452793,0.007616701241973629,43.37668693791728,-0.6770822551044091
2023-08-13,157.92,159.49,156.96,158.2,158.7,1792.06158308,0.0017714796483820209,0.006296059014365456,44.38002947720547,-0.4026539285411152
2023-08-14,158.2,159.87,157.44,158.25,158.37,6126.92039214,0.0003160056907321093,0.0060460906156465394,44.56891730266862,-0.25410126517750514
2023-08-15,158.29,158.55,154.79,155.29,157.12,3157.23085636,-0.018881724443187864,0.007596667576218912,36.63667976507066,-1.9991377576186937
2023-08-16,155.47,156.29,152.75,154.01,154.63,4676.65115838,-0.008276801210723592,0.007762614675152528,33.83253095598147,-2.1560558714285842
2023-08-17,153.92,154.65,136.78,141.75,148.12,6569.18240033,-0.08295259276251266,0.022662490819286698,18.90617477766166,-3.2515458297207775
2023-08-18,141.77,145.3,140.64,143.68,143.37,2107.98445032,0.013523661946028115,0.02341471740874805,24.549474344952472,-2.0887186917076104
2023-08-19,143.65,145.3,143.09,144.31,144.25,1038.83041726,0.004375158894096947,0.02334197131865156,26.351160535085896,-1.6152565810399333
2023-08-20,144.46,149.14,143.57,147.35,147.44,2209.03109644,0.020846945735717333,0.024482349962117966,34.481331202111434,-0.9735043875637304
2023-08-21,147.34,149.77,144.71,149.61,147.89,3791.72281713,0.01522119904243737,0.025103937101046043,39.80165253014018,-0.5200737515387078
2023-08-22,149.61,149.84,143.53,145.5,147.1,3016.01075756,-0.027855821614593806,0.025774638585135522,34.340357092693125,-1.0277147727582585
2023-08-23,145.5,146.4,142.57,142.94,144.12,4362.73196398,-0.01775112481971443,0.02593975624457984,31.446056800862394,-1.2329197498130995
2023-08-24,143.14,143.23,135.81,138.56,138.73,10532.80112621,-0.03112151697770779,0.02674254402862901,27.219069993060316,-1.5784446676474349
2023-08-25,138.57,140.3,137.24,140.16,139.03,2093.99686464,0.011481182373956232,0.027078962574629484,30.874460560703525,-1.1633731058754055
2023-08-26,140.16,144.79,140.16,142.93,142.43,4605.358404,0.019570372732942706,0.02779269059892322,36.793140659488444,-0.6610390924902683
2023-08-27,142.97,145.89,142.81,145.34,144.52,1416.09809724,0.01672082526746591,0.028440376700583532,41.487306022235884,-0.18147746197440479
2023-08-28,145.34,146.61,142.43,145.35,145.01,2216.44086705,6.880181639510592e-05,0.028436192697905732,41.50671791146867,-0.02808270854602819
2023-08-29,145.27,148.38,143.01,146.84,145.82,5421.60629933,0.010198931623748589,0.02849070996574449,44.46316291604439,0.5022439444811212
2023-08-30,146.83,148.11,140.91,142.08,144.2,7701.79824403,-0.03295327938477351,0.02952058888432721,37.87684127058308,-0.6633547298859191
2023-08-31,142.08,144.85,139.75,142.93,143.69,8673.3373264,0.0059647206771638915,0.01949935521963014,39.597497730241436,-0.4102194666494503
2023-09-01,143.15,144.88,139.02,140.85,142.24,3798.82836667,-0.014659505598642325,0.019516416877454958,36.90384647734509,-1.0160165337146776
2023-09-02,140.89,141.68,139.13,140.19,140.34,1871.86188792,-0.004696848941937092,0.01945969221809759,36.06548618695365,-1.0816774441160149
2023-09-03,140.16,141.45,139.21,140.79,140.48,953.53202368,0.0042707730939915076,0.018435465247182956,37.456505643741956,-0.7715098638150378
2023-09-04,140.86,143.7,140.77,141.34,142.07,3003.20753765,0.00389891678827231,0.01780008910200074,38.771570228357824,-0.4967523078657896
2023-09-05,141.2,141.39,137.52,137.77,139.54,3623.0473051,-0.025582707206200532,0.01757530088506199,33.80320983041983,-1.6274249997314392
2023-09-06,137.69,142.57,137.54,141.99,140.22,7069.43028125,0.030171004529758565,0.01925629186698629,43.08727168302374,0.02042107191557251
2023-09-07,142.07,144.04,141.05,143.99,142.98,8900.31890229,0.013987220133912766,0.017420554375500052,46.889054919741326,0.6806146283528505
2023-09-08,143.99,146.62,140.73,144.03,144.13,7195.3737052,0.0002777584907795657,0.017244847321024125,46.965359788864355,0.5949673250377792
2023-09-09,143.92,144.05,142.15,143.46,143.14,6623.00804835,-0.003965360512670257,0.016526755618769942,45.952208825249954,0.3404281577337064
2023-09-10,143.45,143.67,141.5,142.83,142.15,3697.99068681,-0.004401138823751228,0.015859534327390186,44.80182545495421,0.16195677280201007
2023-09-11,142.86,143.55,138.0,139.76,141.16,4039.39402691,-0.02172844604873608,0.01676479837390626,39.59938462343024,-1.0324453960413096
2023-09-12,139.89,142.8,139.13,140.88,141.47,2396.04870575,0.00798179836214957,0.01664257326256249,42.23475923780175,-0.4273768947241023
2023-09-13,140.87,144.73,140.66,143.17,143.67,4490.26651944,0.016124271184285433,0.01491827249216315,47.29801760962881,0.8045321166741637
2023-09-14,143.17,147.01,142.24,146.48,145.36,4227.34586761,0.022856164994019174,0.01603174181728332,53.62535886857168,2.0505104094347852
2023-09-15,146.51,149.31,146.2,147.62,147.63,4453.93422626,0.007752503975651165,0.01537227497679408,55.60239841847731,1.9602142975824535
2023-09-16,147.71,148.0,144.17,144.45,145.66,1720.227994,-0.021707977429662184,0.016674672237378205,49.30752381974537,0.6516524795742379
2023-09-17,144.49,146.33,143.18,145.89,144.59,1876.5634552,0.009919486171559909,0.01679812820693925,51.967725847436185,1.0409811021570896
2023-09-18,145.9,147.92,145.1,145.83,146.42,2648.36431278,-0.0004113533583301568,0.016810833765062958,51.84564239115715,0.8848799204042419
2023-09-19,145.89,148.66,145.82,147.67,147.34,1916.91357167,0.01253849476020855,0.014942145819969528,55.3126808665584,1.4803683498971023
2023-09-20,147.71,148.51,146.1,147.96,147.41,2157.46674276,0.0019619124785708077,0.013064488023028994,55.852187900584084,1.356972447642261
2023-09-21,147.96,147.96,145.01,145.13,147.07,4021.66843078,-0.019312074481981873,0.013903187804692553,49.563656043100245,0.19072666427755125
2023-09-22,145.01,146.89,144.59,144.93,145.5,3886.30917977,-0.0013790252478464203,0.01391285292209926,49.14254660352735,0.08496280787258946
2023-09-23,144.93,145.3,141.42,141.82,143.23,8303.56086016,-0.021692219358574502,0.01510103075305034,43.02141879337992,-1.0743821704599128
2023-09-24,141.57,144.38,141.55,143.86,143.09,4339.34198203,0.014281956563359701,0.015578321940613425,47.62944975297853,-0.31973599772842404
2023-09-25,143.76,145.43,143.06,144.46,144.37,2355.12875271,0.0041620481834905194,0.014211680910046565,48.93746232432366,-0.2589991870691748
2023-09-26,144.46,145.27,143.12,144.74,144.03,3275.29348745,0.0019363768152809615,0.014119353265261115,49.570458757402434,-0.3087378520305147
2023-09-27,144.71,146.7,144.06,146.53,145.08,3265.38958826,0.0122911562119521,0.013857689622007901,53.53593837670206,0.5950032765530526
2023-09-28,146.6,147.49,145.57,146.16,146.4,2112.03229777,-0.002528273580182538,0.012460848896556916,52.614951888264756,0.3919266880479272
2023-09-29,146.15,146.66,144.99,146.66,145.5,3861.81768964,0.003415070595902127,0.012301995670342422,53.772297613059315,0.7658557349903835
2023-09-30,146.71,147.96,145.2,146.58,146.31,2720.2395485,-0.0005456281679491986,0.010685019517040088,53.54694574834165,0.6205666155219491
2023-10-01,146.6,149.91,145.51,149.02,147.94,21895.72204024,0.016509170627877386,0.011236890626744803,59.16765826074801,1.739109008176791
2023-10-02,149.31,149.96,145.53,146.28,148.1,2796.38203179,-0.018557931844401094,0.012456744688364699,51.615020996695044,0.23633969228855328
2023-10-03,146.18,147.8,145.01,147.2,146.52,2078.37541633,0.006269613013595395,0.012087064650746727,53.74978536986474,0.7650042443006615
2023-10-04,147.23,150.86,145.86,150.5,148.62,3811.57559127,0.022170877894154613,0.013493568697926306,60.484479712015506,2.1010762983327886
2023-10-05,150.49,151.49,148.5,149.53,150.22,4400.53374811,-0.006466042593178038,0.012381199135304381,57.81934138160501,1.387009685593189
2023-10-06,149.68,152.65,148.21,152.02,150.11,4369.5537855,0.016515049542142043,0.012903332252755435,62.399511318038506,1.9022723900073977
2023-10-07,152.02,155.48,150.62,155.34,152.14,3088.09308431,0.02160417185360677,0.011540312581724726,67.47127183395342,2.3713539104170316
2023-10-08,155.45,156.63,152.92,156.34,154.65,3932.16930833,0.006416859800683181,0.01132192846702135,68.8348531032165,2.0669166253710194
2023-10-09,156.34,156.41,151.85,153.57,154.13,3163.84012056,-0.01787663365458285,0.012996742296049264,61.18389980195703,1.144046289106937
2023-10-10,153.75,154.5,152.05,152.32,153.01,1727.48745416,-0.0081729180945464,0.013416303731677915,58.04836188379624,0.6936823218224716
2023-10-11,152.31,154.06,151.02,153.93,152.09,5460.86287526,0.010514382578928092,0.013336399790545215,60.83256299244775,0.9940015624708364
2023-10-12,153.99,154.39,151.03,152.53,152.94,6043.32035249,-0.009136655610141368,0.013679441917981646,57.27306350075754,0.49834673717316147
2023-10-13,152.53,154.39,151.01,153.67,152.31,2611.93344751,0.007446148055399013,0.01373011359213736,59.35844097949083,0.7195870647928438
2023-10-14,153.68,154.41,151.77,152.95,153.1,2128.09070433,-0.004696375470328479,0.01386451369610142,57.45124765969236,0.3906024116517334
2023-10-15,152.99,153.42,152.07,152.36,152.55,2323.12789147,-0.0038649289865090586,0.013403420310269656,55.867181943107404,0.11338397712629562
2023-10-16,152.57,154.7,151.1,152.6,152.42,6253.98600852,0.001573977239953225,0.012092129603549693,56.393884041893294,0.04782427888941363
2023-10-17,152.52,152.52,149.45,150.46,150.97,6797.2956116,-0.014122850718281,0.012873704340160844,50.59555366534441,-1.2278611739547147
2023-10-18,150.78,152.54,149.64,149.64,150.73,3181.11747217,-0.005464858652130277,0.011518427423388657,48.5362430007161,-1.5616535609678572
2023-10-19,149.76,152.6,146.73,152.54,150.43,2604.75685358,0.01919444725614716,0.012481850885540909,55.44327690869811,-0.19619700933415604
2023-10-20,152.55,157.0,151.9,154.87,154.83,4751.65900456,0.015159198591990613,0.012360418267055466,60.07915906729307,1.009347197756136
2023-10-21,154.86,158.11,154.15,158.1,156.31,3129.86566909,0.020641688887343284,0.012241059533586477,65.44632126836083,2.2368409046338593
2023-10-22,157.93,159.92,156.46,159.0,158.12,3475.63559294,0.005676458004805122,0.012218635595537602,66.78626756395845,2.1857579090828163
2023-10-23,159.09,162.0,156.73,160.96,159.04,4564.24123506,0.0122516846911429,0.011210965625322707,69.5551539091091,2.1571226422211294
2023-10-24,161.12,163.55,155.47,157.5,159.42,5676.30475531,-0.021730428645686677,0.012761807560234649,60.039678038402414,0.9449310125601772
2023-10-25,157.94,162.09,154.68,160.09,158.56,5028.45129115,0.01631069882431536,0.013134288579797383,64.00889407030155,1.4488805861714065
2023-10-26,160.13,162.29,156.35,159.76,159.36,5188.26117486,-0.002063467982443349,0.012770703778564384,63.148225842803576,1.165281153935639
2023-10-27,159.68,161.05,156.84,160.89,159.66,7681.58295108,0.007048212555383697,0.01276122416996583,64.88917339679443,1.2478022654306322
2023-10-28,160.81,162.68,159.68,162.08,161.56,4318.44082472,0.007369138837429794,0.012587375818710249,66.67465407470198,1.3070259420406019
2023-10-29,162.08,174.68,157.98,174.29,166.79,9975.70682495,0.07263053803321695,0.021958782509242606,78.663734852559,2.6090621911090213
2023-10-30,174.1,175.0,164.67,172.82,170.63,8753.64808962,-0.008469988120337035,0.02240098574957614,75.15804841251136,1.8661134021682295
2023-10-31,172.9,173.93,168.74,172.37,171.65,4404.30060575,-0.0026072612469531563,0.021691236001852052,74.06982099409119,1.5276188542049554
2023-11-01,172.39,172.91,169.24,171.4,170.8,5018.65112516,-0.005643323002620534,0.021700890485831528,71.66118024204408,1.2375813055068317
2023-11-02,171.55,172.57,167.91,171.05,170.33,5618.7232357,-0.0020440947400657255,0.02172827588892941,70.76696453148323,1.0468502559277602
2023-11-03,171.09,173.23,168.64,170.79,170.98,3139.05428742,-0.0015211797925135813,0.021773457682814797,70.06750119408497,0.881341495669271
2023-11-04,170.92,171.85,165.43,168.61,168.92,2536.17251395,-0.012846375841210778,0.021996573844672036,64.32644536068852,0.4475629291588673
2023-11-05,168.49,170.99,167.57,169.48,169.2,1969.35826425,0.005146569968469118,0.021995029737860702,65.5399420255558,0.48752690911651164
2023-11-06,169.4,169.7,164.73,165.16,166.25,4062.97987872,-0.02582022474046889,0.023286459135466796,55.45286440125247,-0.29874353801738934
2023-11-07,165.4,168.21,161.69,166.35,165.22,5065.73366369,0.0071793014465961315,0.02229629017724904,57.39794566264439,-0.22796956335140342
2023-11-08,166.31,167.75,164.51,167.2,166.41,2649.97357102,0.0050966981861154375,0.02201599638325299,58.782334238800935,-0.17685174992323088
2023-11-09,167.51,171.21,157.55,170.53,167.83,12581.43307551,0.019720533674221635,0.022389331846624394,63.751942884150274,0.43586551777013577
2023-11-10,170.19,173.8,166.9,170.71,171.21,3985.88470356,0.0010549760678386394,0.022397448524408243,64.00458106405604,0.36917904261750045
2023-11-11,170.99,172.28,168.03,169.06,169.99,6242.09537776,-0.009712528891879933,0.02267691831318632,59.884330997902666,-0.36448254955051174
2023-11-12,169.16,171.78,166.59,171.3,169.06,1446.82278698,0.013162723829292658,0.01139774587894167,63.33507015178787,0.6739482124056712
2023-11-13,171.31,172.99,163.0,163.0,167.4,2661.76840929,-0.04966620452331198,0.017233111253422268,47.150555961736366,-2.229849282893625
2023-11-14,163.0,166.44,159.13,163.42,162.95,5201.05237729,0.0025733731497990754,0.01732482559333033,47.876403927126944,-1.7097594588902187
2023-11-15,163.26,166.7,158.27,161.06,163.33,6030.86713154,-0.014546607589162413,0.017559178946277898,44.20272122682961,-1.9552501280403205
2023-11-16,161.1,163.0,157.19,160.81,160.56,4548.20477948,-0.0015534225014655592,0.017564827481400064,43.81914059911357,-1.661347772541908
2023-11-17,160.92,166.97,160.44,162.58,162.88,5563.23976369,0.010946644452493146,0.018032375710007403,47.30564104987542,-1.0258084204247588
2023-11-18,162.87,162.9,159.02,160.98,160.66,2538.20702329,-0.009890054652838655,0.017931774477562428,44.61056824175481,-1.2430066237917723
2023-11-19,160.2,164.17,159.61,164.17,161.96,1337.42732163,0.01962234264083916,0.0188505790581212,50.64757238799962,-0.3394497010190775
2023-11-20,163.93,165.08,162.2,163.12,164.1,2854.86151813,-0.006416350040226991,0.017662013184200683,48.763603798328425,-0.5711281704087201
2023-11-21,163.18,165.8,158.31,159.28,163.06,4111.35725244,-0.02382246651025894,0.01849652797098361,42.5325305665712,-1.3355787739273344
2023-11-22,158.9,164.05,158.46,163.12,162.42,5735.50246119,0.023822466510258943,0.019768366104745413,49.48405743339306,-0.3393847303463888
2023-11-23,163.2,167.99,163.11,166.04,165.65,2792.93016323,0.017742596918638123,0.019609432871301458,54.03710147280414,0.4936396735417318
2023-11-24,166.1,171.45,165.95,170.46,169.31,4835.53503628,0.026271941909313645,0.021010419974968962,59.925126551251395,1.6922400411779928
2023-11-25,170.41,172.96,169.85,172.03,171.47,3855.64358983,0.009168215114796244,0.020952149833211368,61.797186111101745,1.8726104022631977
2023-11-26,171.91,173.0,167.85,169.51,170.37,6334.81054601,-0.014756958078552984,0.021058884241675884,57.18000153110369,1.3567629611935756
2023-11-27,169.23,170.3,164.96,165.62,166.99,3577.5912497,-0.02321591452484079,0.017158004096258877,50.86256951998018,0.30412271746478925
2023-11-28,165.54,167.98,164.0,167.69,166.5,2989.95506571,0.012421029153464202,0.01742116861317255,53.78842336131852,0.7446173698108844
2023-11-29,167.69,167.94,162.59,166.03,166.13,3828.20635991,-0.009948541839323208,0.017129325232776,51.15770898497343,0.24300538396744306
2023-11-30,166.22,170.38,166.0,169.99,168.48,3941.99454,0.02357111687098339,0.018002976205461707,56.60963516391126,1.110719268745387
2023-12-01,169.77,171.95,168.74,171.74,170.56,3526.25108554,0.010242093453660384,0.01798293352562289,58.79838308075525,1.3306555026540388
2023-12-02,171.72,173.81,170.5,172.79,172.11,3194.22131123,0.006095279080691694,0.017541018057676015,60.098920995459736,1.3782902982838585
2023-12-03,172.79,173.47,170.69,172.48,172.37,2201.20195788,-0.0017956966043981162,0.017101451166445108,59.50175426242789,1.1194754375176525
2023-12-04,172.51,174.2,166.59,170.48,170.15,6580.74301209,-0.011663299930270642,0.017391165668571584,55.659209375678074,0.5324520559059698
2023-12-05,170.47,172.34,167.79,171.22,170.38,5062.91884962,0.004331291523977954,0.015563816509166384,56.77156860783361,0.6603766664002269
2023-12-06,171.21,173.86,170.14,170.35,172.15,8764.32521845,-0.005094135207364019,0.014796940074791563,55.02387608675859,0.24631417422799542
2023-12-07,170.71,176.89,170.21,173.05,174.25,5436.97952736,0.01572542597437778,0.014652484246284654,59.21966926306659,1.1906439405929763
2023-12-08,173.03,175.55,172.03,173.87,173.92,6750.8885772,0.004727323458345154,0.013059889464367857,60.42710666240212,1.3270173959946294
2023-12-09,173.85,176.99,173.85,175.17,175.72,2803.04785995,0.007449037423857326,0.012989269940786096,62.331290209949735,1.58164438225628
2023-12-10,175.24,178.49,174.63,175.57,176.55,3858.65844037,0.0022808928175612393,0.01214036048035651,62.92247474639634,1.4397620603740284
2023-12-11,175.73,176.24,162.93,171.76,171.01,7320.7787424,-0.021939670210591584,0.011935398245332945,54.19737776756607,0.06656196818762113
2023-12-12,171.52,173.3,167.74,170.82,170.36,7190.16406719,-0.005487783052524334,0.011760280771423513,52.27155015807513,-0.412747401218797
2023-12-13,170.65,170.92,166.73,169.06,168.61,2772.94152371,-0.010356689017219528,0.011790832682469686,48.7767564215,-1.5417258139389083
2023-12-14,169.26,169.41,166.26,168.18,168.16,2609.08005745,-0.005218847096029643,0.009977376868566574,47.081779739309944,-1.7517491070365359
2023-12-15,168.21,172.72,167.61,168.09,169.86,4288.65521809,-0.0005352841594490599,0.009465454522914966,46.90226951501753,-1.5063567927893113
2023-12-16,168.34,172.05,166.59,168.63,168.94,9896.83441422,0.0032074154367903967,0.009316691663306318,48.178939214294644,-1.1022478566490492
2023-12-17,168.4,170.35,167.27,167.75,168.53,1714.40707184,-0.005232189830302127,0.009363404627004293,46.22826914228379,-1.2461207730580945
2023-12-18,167.94,173.81,166.32,173.81,170.86,5275.0924399,0.03548797272359741,0.013276977996977288,58.64548332096757,0.9501840689546314
2023-12-19,173.69,175.88,168.0,171.24,171.5,5560.56746829,-0.01489666729864315,0.013926995095139316,53.05042979997032,0.000263867197694936
2023-12-20,171.27,174.8,170.64,174.41,173.36,4267.55746137,0.018342768003831632,0.01465599501758572,58.33113764866219,1.0217014057774416
2023-12-21,174.42,176.0,172.5,173.26,174.17,4591.06371805,-0.006615492818582952,0.01421909350766315,55.87581996815718,0.6065203761804709
2023-12-22,173.26,176.71,171.21,176.69,173.5,2591.76616167,0.01960342816656443,0.01511987096401513,61.131042385356984,1.597506103181073
2023-12-23,176.83,178.85,174.92,178.59,176.55,2918.79741726,0.010695891204849648,0.015248290669613434,63.70945328668849,1.8883211977032253
2023-12-24,178.69,179.09,171.0,171.31,176.22,3331.41200683,-0.041617895091041295,0.01908098257281695,50.01828538066768,-0.11243600133084497
2023-12-25,171.44,174.88,170.71,174.51,172.89,2877.30548096,0.018507265848412547,0.01885029086127638,54.633338669867705,0.7670234351065767
2023-12-26,174.58,176.5,170.8,174.19,174.34,4309.67293294,-0.0018353891014094503,0.018776719093436856,54.09542719631841,0.5967746603000285
2023-12-27,174.19,176.29,172.67,175.67,174.52,3269.88452527,0.008460577535921271,0.018542795658676347,56.241346736985726,0.8875100729459002
2023-12-28,175.67,180.53,172.71,174.79,176.13,5449.36631454,-0.005021981678296412,0.01853636975163625,54.60675428859653,0.5282840605282917
2023-12-29,174.85,175.67,162.53,166.82,168.39,9648.50334638,-0.046669866533529385,0.022780887581606356,42.54603515595997,-1.7980587388354574
2023-12-30,166.59,169.13,162.38,165.75,164.15,8014.32457254,-0.006434757747493782,0.022804564063814026,41.22946302340975,-1.8603835999023224
2023-12-31,165.84,168.26,162.63,165.15,165.42,4060.62210177,-0.003626477229173215,0.022786920532873383,40.47314461928253,-1.8175983116036822
2024-01-01,164.75,169.53,163.2,169.43,166.44,4520.39184311,0.025585710333216247,0.021690657493987554,47.82558898740918,-0.6837616537995362
2024-01-02,169.52,174.36,167.02,167.57,170.59,10627.77872584,-0.011038687757382211,0.021535740529895524,45.21206205429342,-1.0234005554659475
2024-01-03,167.51,169.59,150.4,153.94,160.82,18164.49468008,-0.08483825830646136,0.030141362923055637,31.589101019117123,-2.5875876091478225
2024-01-04,154.14,165.01,150.0,164.87,155.8,12764.91469194,0.06859436846691584,0.03659475165576852,45.71474022372481,-0.7769946994281862
2024-01-05,164.72,164.87,153.46,155.78,159.32,11676.15833218,-0.05671252908128472,0.03851487954836139,38.580065511983676,-1.753236587369495
2024-01-06,155.46,158.94,150.12,152.69,154.09,4829.37261229,-0.020035033296382218,0.03818048769224022,36.49495066099913,-1.7994745361098583
2024-01-07,152.62,155.31,144.92,146.33,150.12,9869.35076198,-0.0425453770910851,0.03823810394447451,32.59064913031689,-1.9905957652994344
2024-01-08,146.4,154.17,143.54,147.95,149.12,11404.92129218,0.011010033741883281,0.037839605595995335,34.51246508893587,-1.5196906607884502
2024-01-09,147.7,148.67,142.7,144.14,145.95,9227.43159145,-0.026089329349923647,0.037903783083204294,32.18821334215197,-1.5899287146709082
2024-01-10,144.13,152.37,143.71,148.93,148.9,13447.44762815,0.03269134740148135,0.03950437706350638,37.854662037407365,-0.9971932386511569
2024-01-11,149.21,154.7,148.22,152.87,151.73,7473.73018148,0.026111490115166572,0.040770975929946544,42.13765348805122,-0.4956745092509897
2024-01-12,152.89,162.0,149.0,151.86,155.56,11082.27153931,-0.0066288432278550045,0.03934792694039101,41.35090928328665,-0.5083150087621718
2024-01-13,152.13,156.46,148.37,155.63,153.24,3752.56668025,0.02452235143183084,0.040224729151352265,45.44539429887834,0.014714959470094912
2024-01-14,155.56,159.85,153.16,154.09,157.3,3152.52818656,-0.009944547923156551,0.04024960995846939,44.091281695280266,-0.08213181649635669
2024-01-15,154.24,159.15,153.26,157.37,156.33,4825.28784511,0.021062873319011025,0.04000304985364104,47.66788672943117,0.5422503339625233
2024-01-16,157.63,162.4,153.95,157.5,157.95,7455.3205789,0.0008257376529146216,0.03999721100777613,47.81039158996793,0.8250526899449421
2024-01-17,157.46,160.57,154.94,157.8,157.95,4104.69723747,0.0019029501460862853,0.03262106188826477,48.16120716802935,0.8076867266464606
2024-01-18,157.79,163.9,151.86,153.11,157.76,4992.37301099,-0.030171791094770046,0.02730391175496285,43.26491871500781,0.12395480299423803
2024-01-19,153.13,158.69,150.0,158.23,153.15,3896.03279118,0.03289305341388781,0.024699649435202104,49.322093413039816,1.2173145234163452
2024-01-20,158.24,159.52,155.81,156.75,157.62,2577.36750734,-0.009397491217861731,0.02415663389488926,47.73560364755413,0.8018864222798585
2024-01-21,156.43,163.14,155.09,157.48,158.53,2202.60408358,0.0046462865625065955,0.020496799469700306,48.6135942019334,0.8408799634087905
2024-01-22,157.69,160.11,149.52,150.88,153.65,6332.27424014,-0.04281364719038935,0.02406888533030964,41.779879456824006,-0.7738520129260511
2024-01-23,150.86,154.79,146.2,150.34,150.44,5328.38324588,-0.00358542313582446,0.022810305557498384,41.268722067591725,-1.3097825400243177
2024-01-24,150.18,155.5,148.76,152.71,152.31,4738.72883751,0.015641302215767348,0.021522387034351425,44.47928914661346,-0.7325518973769364
2024-01-25,152.5,157.7,152.01,157.37,155.8,4600.78050086,0.030059022647682856,0.021888279493983875,50.23927302606642,0.8117050632895372
2024-01-26,157.25,162.18,156.07,159.15,158.96,5447.1225518,0.011247433115328874,0.021863046510921434,52.27595070904689,1.243722608234542
2024-01-27,159.53,162.0,157.62,160.61,159.69,1951.31379514,0.009131912346704166,0.021089777630284925,53.941149992358454,1.4761836193740239
2024-01-28,160.52,162.36,158.91,160.89,160.43,1829.54185492,0.0017418355881375664,0.02079926658381253,54.27069398506346,1.3238534428345394
2024-01-29,160.79,169.8,159.98,168.02,164.6,6521.44357046,0.043362118273757744,0.023017495577117488,61.77143956821777,2.365569108363122
2024-01-30,168.18,172.0,159.59,160.19,165.98,5842.49253108,-0.04772240922330904,0.026961535765775722,51.73555122892044,0.6020879271525422
2024-01-31,160.25,166.66,158.52,163.39,162.87,4823.70742557,0.01977937032934004,0.02741636917524201,54.95642600397095,1.1391362283929674
2024-02-01,163.77,169.29,163.46,166.5,167.23,5476.08788087,0.018855328377766493,0.02601955706704078,57.897142488513005,1.4834848282044524
2024-02-02,166.4,171.0,165.4,168.74,168.43,3281.12249147,0.013363759316982311,0.024968475147628625,59.92646147622413,1.576650501514199
2024-02-03,168.8,169.93,161.46,165.36,163.81,11412.37908111,-0.020234153363967878,0.025595670951567853,55.573732019371256,0.8741021750607993
2024-02-04,165.4,167.61,163.8,165.82,165.7,2358.37694463,0.0027779473145597756,0.025595899129710435,56.041693181584314,0.8333186553059904
2024-02-05,165.86,168.08,163.49,165.32,165.43,2391.97680237,-0.0030198730445409844,0.021990539312863204,55.359109454963104,0.6462920087408315
2024-02-06,165.31,166.5,99.34,105.15,116.35,89827.13268558,-0.4524950874948227,0.12480527025403082,21.469659220123518,-3.336852773676995
2024-02-07,105.17,134.49,103.71,131.25,124.54,60403.07349296,0.22171599932302424,0.14112119214837046,38.932995747536744,-1.4666621738206884
2024-02-08,130.82,134.85,117.83,128.82,125.19,24370.67300209,-0.01868782035298857,0.1406356060182892,38.08385229960755,-1.3685806871833657
2024-02-09,128.1,129.17,120.1,121.88,123.94,17494.76754924,-0.05537912700123631,0.14083180323555186,35.68974006660163,-1.4502318587721788
2024-02-10,121.72,123.57,115.47,119.31,119.71,15303.93962892,-0.02131180622979929,0.14059789179931717,34.81686589177336,-1.3315004154112482
2024-02-11,119.18,123.14,117.22,120.69,120.41,9555.40253338,0.011500126742097511,0.14074466101012548,35.72588912572215,-1.0965299021695951
2024-02-12,120.65,128.56,118.22,126.49,122.64,15468.72358371,0.04693797902964386,0.14087272639503637,39.5420506486087,-0.7332393892148612
2024-02-13,126.48,128.86,122.42,127.82,125.95,16698.05988836,0.010459770562685355,0.1408590877160648,40.41568747870628,-0.5806813814008799
2024-02-14,127.75,131.78,126.56,128.24,128.71,13068.38086346,0.0032804840791619007,0.14060438448062282,40.70706951242593,-0.46759432124816336
2024-02-15,128.29,129.2,124.81,125.83,126.99,9536.74811763,-0.01897171869742102,0.140219029716529,39.5130169001357,-0.4727909827359736
2024-02-16,126.02,129.0,120.28,122.7,124.69,9968.63514898,-0.02518943788701071,0.1398914865259518,37.95581844834813,-0.515674889684278
2024-02-17,122.8,122.81,117.83,121.21,120.01,8307.09454908,-0.012217773234445223,0.13991901664457101,37.20415771385848,-0.4889491466410602
2024-02-18,121.24,123.5,118.73,122.26,121.03,9362.88692406,0.008625346118158758,0.14000796704732257,38.13394507883279,-0.30646067573558267
2024-02-19,122.33,123.24,109.18,113.06,115.37,27817.56613672,-0.07823127335343458,0.14067462344602402,33.45926061810958,-1.3745152223042354
2024-02-20,112.91,125.89,112.26,123.66,120.39,17739.83119097,0.08961721288327797,0.07284089042565192,42.24420212015218,-0.0300943624039407
2024-02-21,124.0,125.67,116.07,123.0,120.0,10238.61688974,-0.005351508758005131,0.04059457293668343,41.87350998507437,-0.0507220061582027
2024-02-22,123.0,124.84,121.08,123.96,123.26,6615.56549254,0.0077745775471300006,0.04050599258588459,42.6616500971708,0.2828489638707325
2024-02-23,123.9,124.5,112.1,123.76,122.48,10405.00046159,-0.0016147266547366776,0.03757476973840588,42.5322629109581,0.1967127474136563
2024-02-24,123.51,125.34,122.07,123.9,124.02,5800.41156856,0.0011305823702860774,0.03702001187645376,42.66335263140394,0.15390504293028304
2024-02-25,123.92,128.88,122.96,128.79,125.43,10702.41397695,0.03870838226948207,0.03821270020213657,47.19431762690891,1.250552147177972
2024-02-26,128.72,134.43,127.87,133.02,130.84,14430.04804908,0.032316321951696265,0.03715282408961198,50.81513086057266,1.8917843247974486
2024-02-27,132.96,144.7,132.96,137.01,136.84,22276.3600702,0.029554423008741986,0.037769571261467134,54.01794028384627,2.124559513250672
2024-02-28,137.01,141.72,133.97,134.47,138.08,13276.82590853,-0.018712790029238688,0.03829845144069232,51.709516406134554,1.4660992439096665
2024-02-29,134.72,141.15,133.7,138.06,138.08,9689.62764285,0.026347247439550907,0.03817818649141016,54.65879635162521,1.6731181127235226
2024-03-01,138.19,146.14,137.23,144.24,141.59,11555.03171971,0.04379020561973239,0.03820754998022239,59.27031724277046,1.9538266889024476
2024-03-02,144.36,146.67,140.5,146.51,142.94,8794.86283694,0.015615106618159715,0.037594762186849734,60.84558345423641,1.7746538562386673
2024-03-03,146.36,153.21,144.09,151.06,148.59,10401.5504911,0.030583423372080403,0.037831220281174166,63.86255104213037,1.7920189539303906
2024-03-04,150.83,151.0,143.35,150.0,147.84,13214.01485755,-0.0070418147890461864,0.027765307963404963,62.65139586171497,1.5066481637870455
2024-03-05,150.0,151.0,134.05,141.33,145.57,23272.30519275,-0.059537712716196275,0.027693865378081082,53.68346974030798,0.56650960932033
2024-03-06,141.57,151.35,138.64,144.24,144.82,16738.74046344,0.020380997515002327,0.02748260840093577,55.96196324501752,0.7397904117770314
2024-03-07,144.26,149.0,137.94,144.3,143.8,14858.24390167,0.00041588688476335657,0.027626821786355792,56.010014920673385,0.6365259255283224
2024-03-08,144.3,151.0,142.99,147.31,148.08,11963.76568889,0.020644744047021775,0.02749433446241479,58.458847301434474,0.866595128640077
2024-03-09,147.45,149.71,143.0,143.76,146.13,6834.05870853,-0.024393967351543464,0.02910145319477905,54.598449205227226,0.309313337898887
2024-03-10,143.76,148.43,139.0,146.5,145.14,9689.0273631,0.018880185981818356,0.028094337314687804,56.96084403832825,0.6351002274131174
2024-03-11,146.49,147.1,142.16,145.24,144.37,22160.71651679,-0.008637881910986906,0.027630895246592277,55.52992985905832,0.2908482924673807
2024-03-12,145.24,147.29,143.0,145.07,144.78,15052.57287289,-0.0011711619953243093,0.02684902332078973,55.327979309167716,0.14690957605485486
2024-03-13,145.14,150.31,139.84,149.88,146.14,20885.24580528,0.032618589374675884,0.027001041546818868,59.784465810516515,1.253026884716007
2024-03-14,150.07,152.0,140.7,146.75,148.01,17744.6589669,-0.02110451521728078,0.027461275332720733,55.878018766513364,0.217908822652669
2024-03-15,146.78,147.64,138.58,141.91,142.44,10524.60662455,-0.033537404861759754,0.026686160621726,50.39446467373891,-1.399871923352939
2024-03-16,142.21,148.63,135.22,139.34,142.76,9497.16023166,-0.01827606424447324,0.02658405617726407,47.716749209539344,-1.802674709579931
2024-03-17,139.25,145.47,136.65,139.61,142.5,8443.14415985,0.001935831398583754,0.024794058072830912,48.02918189955895,-1.514095888814035
2024-03-18,140.04,141.6,136.11,140.99,139.18,6670.4628,0.00983614487671319,0.02512822550601186,49.68418349088788,-0.9808246882071964
2024-03-19,140.72,141.2,128.66,133.96,135.41,12290.4858663,-0.05114771795126588,0.02377640910668686,42.29511062099702,-2.349924017468684
2024-03-20,133.68,142.67,129.12,139.66,138.15,10441.19774469,0.041669649491885286,0.02601864621467291,48.9274068520051,-0.8393471378738326
2024-03-21,139.66,144.34,137.72,138.1,141.15,8333.27411946,-0.011232837002642763,0.026111040881290966,47.32427337446326,-1.05774329569993
2024-03-22,138.26,140.8,131.25,135.11,135.85,5791.61116086,-0.02188879894337852,0.025600586889951225,44.32641335684218,-1.4671989972620212
2024-03-23,134.97,140.39,133.6,138.99,137.74,7832.44903042,0.028312726624798907,0.026572273736032475,48.854167802112926,-0.5453479148413406
2024-03-24,138.89,144.0,137.0,141.73,141.23,11729.79681155,0.019521851082147264,0.026612344548842624,51.8332631981677,0.12819321517466495
2024-03-25,141.72,143.39,139.73,142.44,141.57,9275.74111872,0.004997019230762917,0.026614591204003828,52.6036547026629,0.34635114056848004
2024-03-26,142.46,143.65,133.15,134.92,138.29,17348.40750286,-0.054238848216127546,0.030128086235703275,44.48756132385285,-1.2198375071081846
2024-03-27,134.94,141.04,134.19,137.68,137.38,12959.57726869,0.020250141709834538,0.029098145404427598,47.678283736439106,-0.49689031203775214
2024-03-28,137.75,139.91,133.97,134.88,136.33,13526.82184017,-0.020546657649738728,0.02907633910805059,44.86117876506665,-1.2747883781785632
2024-03-29,134.86,137.15,129.47,132.55,132.81,15682.78514022,-0.017425561518510716,0.0282095482862973,42.60523655504484,-1.7167574674051622
2024-03-30,132.54,133.73,125.0,129.02,128.95,18083.04465513,-0.02699250163093899,0.02862128240517587,39.374676933482526,-2.1051236341345563
2024-03-31,129.08,130.61,126.26,128.37,128.44,13442.60487529,-0.005050712007260537,0.028542526361184397,38.79140163272,-1.7986499368979638
2024-04-01,128.27,129.53,120.0,123.26,123.94,13844.38454328,-0.040620773562738084,0.029557259375453532,34.46853678824951,-2.1811408159885155
2024-04-02,123.21,124.95,116.44,122.29,120.69,13890.03765114,-0.007900672332818574,0.02703309785534001,33.70080075750246,-1.8647880563952604
2024-04-03,122.17,129.8,120.15,128.68,124.82,13611.66397692,0.05093342916954702,0.02838281704251685,42.74762925741179,-0.7482280023288873
2024-04-04,128.41,132.09,126.37,131.92,129.54,12549.42705608,0.02486697588051777,0.0294748606439565,46.71771384865968,-0.17201659087711052
2024-04-05,131.91,132.27,125.11,126.81,128.68,7588.86891066,-0.03950577500453509,0.03068220936919629,41.79513591375573,-0.8744659985339306
2024-04-06,126.88,132.68,126.67,131.91,130.89,6238.54440697,0.03942996861402007,0.031723743743426666,47.71635138212919,0.0032791807131785588
2024-04-07,131.92,139.24,128.63,131.44,132.42,12931.79686418,-0.003569398131815805,0.031013933720548816,47.23940629291828,0.05275561652861873
2024-04-08,131.45,137.17,129.88,136.8,133.35,12672.28119801,0.03996953145943752,0.03324273729906183,53.00807980720145,1.2993467954684965
2024-04-09,136.82,139.92,130.08,133.52,134.93,13298.49816805,-0.02426872583487049,0.030536194565558974,49.44533016755416,0.6272078221921258
2024-04-10,133.54,136.57,130.1,133.32,133.54,7680.50369245,-0.0014990259140408618,0.029933197466911345,49.22806164879154,0.7111545415504549
2024-04-11,133.45,135.97,132.0,133.18,133.4,8099.37375453,-0.0010506567570625358,0.02946884511343093,49.06553268597392,0.7273361131832831
2024-04-12,133.22,135.26,117.27,122.82,127.79,27810.32321842,-0.08098172778122321,0.03631069605752342,38.84507405020357,-1.5050254552365867
2024-04-13,122.58,129.19,105.55,115.5,116.23,16953.43775005,-0.06144933893940487,0.038955006375000316,33.53048476089856,-2.241213719454213
2024-04-14,115.5,123.03,112.94,121.52,118.97,8384.19136757,0.05080832832566908,0.0420108517761313,40.71428001950727,-1.0695058430754139
2024-04-15,121.35,127.24,117.56,123.42,122.4,10856.12442918,0.01551431460540351,0.04090248961666213,42.8149402199305,-0.7622855494275635
2024-04-16,123.17,123.99,114.22,121.53,119.66,12208.34500941,-0.015432027010211942,0.04106490973367538,41.249219388697036,-1.0524630699032371
2024-04-17,121.25,125.28,116.12,117.16,121.2,11316.6092196,-0.036620623923176235,0.039265936338733806,37.806586079827916,-1.4740989506430338
2024-04-18,117.2,119.21,112.81,116.41,116.26,7685.4926785,-0.006422079699383129,0.038207234526542365,37.232259475335326,-1.338660919936444
2024-04-19,116.32,121.68,110.53,117.0,116.89,12336.0295791,0.005055492537606535,0.037310083367607404,38.02979463649937,-1.1009266374162263
2024-04-20,117.03,122.2,116.47,122.2,118.51,6565.54680011,0.04348511193973889,0.03770151141760563,44.699113095451246,-0.3368371783686107
2024-04-21,122.0,125.19,115.91,118.66,120.56,5936.85922594,-0.029396785906997767,0.03822999559051059,41.430222487439565,-0.7007313688821775
2024-04-22,118.99,124.18,118.84,121.12,121.31,8079.20781416,0.020519528858641573,0.03670272907306069,44.46936223840141,-0.24565002825465318
2024-04-23,121.3,124.11,120.0,121.53,122.25,6450.17740493,0.0033793561935703043,0.03654381416047791,44.98177168884964,-0.05151890935392755
2024-04-24,121.55,122.42,118.01,118.82,120.58,7267.21110697,-0.022551402955113597,0.036745006505280384,42.2093262560261,-0.4448906480879282
2024-04-25,118.87,121.64,116.82,119.99,119.5,5585.00308752,0.009798663048702222,0.03702130723803132,43.81928579062111,0.06063193772230119
2024-04-26,119.99,122.54,119.11,120.23,120.8,5816.57517078,0.0019981690105201903,0.03039223403093459,44.16291494565087,0.23937969526039593
2024-04-27,120.23,123.27,118.04,122.74,120.19,4679.61178273,0.02066172197413318,0.025460752049703238,47.76156850829483,1.1500737103479564
2024-04-28,122.75,129.88,121.21,126.57,125.46,9959.5490671,0.03072721784340596,0.02309767398030268,52.7641979161282,2.152579064942169
2024-04-29,126.49,129.64,122.16,128.92,124.99,10866.17581322,0.01839654214288017,0.02323113550887162,55.575360034487495,2.2637156553115836
2024-04-30,128.92,131.4,116.75,119.42,122.94,11119.90611033,-0.07654536582839057,0.031318247161161626,44.139215530310786,-0.3799789188252726
2024-05-01,119.45,123.61,115.29,123.51,119.84,11751.91903359,0.033675433331076726,0.030842910980302174,49.00455473157716,0.6612498417504631
2024-05-02,123.63,125.85,119.12,123.24,122.89,9452.55287247,-0.002188450721455872,0.030755925594975485,48.70298564636296,0.4779418321509729
2024-05-03,123.26,126.57,121.7,125.19,123.77,6412.74807097,0.015698909543103833,0.030913235462096775,51.04609852554699,0.9597663085161138
2024-05-04,125.2,129.44,122.4,123.2,125.54,15130.27071619,-0.016023532172151467,0.02923538142520231,48.60607066605953,0.27532448934064896
2024-05-05,123.42,134.54,122.71,134.42,127.89,9502.38762963,0.08716017544240032,0.035882096109696004,60.167143685799935,2.5824841453742504
2024-05-06,134.53,134.69,128.68,130.55,132.05,8136.22390106,-0.02921293139668182,0.03708565882280263,55.52737572679756,1.3992598389530486
2024-05-07,130.58,133.39,125.52,127.34,129.01,11359.99549113,-0.02489562055625866,0.03796112276517346,51.94894704034338,0.6038792210154114
2024-05-08,127.34,131.82,126.75,131.75,128.71,7707.69834182,0.03404551283259251,0.03800583038479018,56.13163007980076,1.3516060561792655
2024-05-09,131.71,134.83,128.63,132.47,132.5,7695.96751415,0.00545001727469839,0.03800229787104677,56.79291047796798,1.2982995208320611
2024-05-10,132.49,134.32,130.52,132.64,132.37,14388.0322457,0.0012824866908146195,0.03801012246543603,56.95788953557332,1.1659183962942852
2024-05-11,132.62,133.56,129.15,131.67,131.15,5691.65749386,-0.007339899018732544,0.037973588412158796,55.652130332191156,0.8267305041534996
2024-05-12,131.62,134.75,131.61,133.15,133.56,2302.76336064,0.011177519891689072,0.037309032551934795,57.26202624966254,1.0080116288458882
2024-05-13,133.15,137.03,130.8,135.43,134.52,6145.53959461,0.016978589407338686,0.0372677351592692,59.68974512868356,1.293073225562677
2024-05-14,135.43,137.25,131.48,131.9,134.39,6596.77382043,-0.026410841944011006,0.03083638565855575,54.52548025654773,0.49575686622990767
2024-05-15,131.91,136.6,130.52,134.73,133.73,8382.42654686,0.02122871604448723,0.030183759461963014,57.686208381155794,1.011659645538015
2024-05-16,134.73,135.35,130.01,134.11,133.42,6026.95907253,-0.004612417044907443,0.03024254020701303,56.755493071009774,0.763623169334587
2024-05-17,134.1,135.64,132.25,135.0,134.47,7691.28673846,0.006614419715580624,0.030116496158245756,57.807841620607086,0.9002197998855817
2024-05-18,134.91,137.77,134.32,136.25,135.8,4084.88015121,0.009216655104924048,0.029484946315954306,59.305687279402285,1.4218214577801958
2024-05-19,136.25,136.36,134.02,134.55,135.29,3528.34701388,-0.012555556370438505,0.01878307981308779,56.37451251153993,0.6816764415711217
2024-05-20,134.58,136.99,134.01,135.15,135.61,7179.0817393,0.004449395549541646,0.01679575705957192,57.17894526111258,0.8137412502726851
2024-05-21,135.1,142.18,134.32,136.19,138.1,15198.71951881,0.007665696858409364,0.014856818649573772,58.60381937180148,1.3823190123729021
2024-05-22,136.22,139.56,135.39,138.36,137.75,10584.63739151,0.015808014488102175,0.012744589398003815,61.48370177327843,2.091689440914008
2024-05-23,138.42,141.3,137.0,138.66,139.24,9388.85657324,0.002165909445376262,0.012736090353015159,61.87854991381119,1.8031359187454084
2024-05-24,138.67,143.94,136.94,141.11,141.0,10787.84453144,0.01751483455532511,0.01326970679239294,65.0313333649174,2.181586156209721
2024-05-25,140.89,142.7,140.34,141.3,141.43,4266.78025382,0.0013455616208124506,0.012874688972570793,65.27120925072765,1.8534091815126874
2024-05-26,141.28,144.0,140.39,142.28,142.32,6231.94816548,0.0069116573897726186,0.012768348128644249,66.54592599343513,1.7795631693832308
2024-05-27,142.29,144.0,140.71,141.26,142.41,9113.38407553,-0.0071947830994783055,0.012619215788812175,63.916297380191466,1.2379003270627045
2024-05-28,141.35,144.49,140.82,141.2,142.71,12839.99052477,-0.00042483892163454144,0.009479254153764346,63.75669678217963,1.0910410691217551
2024-05-29,141.17,143.49,136.83,139.63,141.17,12856.2230989,-0.011181258105038274,0.009126972939704525,59.56538521686092,0.47939444369326245
2024-05-30,139.64,147.32,139.64,146.12,144.34,13581.062587,0.04543213497297855,0.01438867670336025,68.71968259588704,2.0872675307371606
2024-05-31,146.11,148.73,143.54,147.83,146.21,10575.6904281,0.011634762985916917,0.01446413896851712,70.60784453704454,2.0168276632774975
2024-06-01,148.26,150.73,145.94,148.89,148.92,5488.4679108,0.007144813354460328,0.014444624705393122,71.74635496073847,1.8228038639453863
2024-06-02,148.84,153.0,148.77,152.63,151.57,5158.49726065,0.02480891365957165,0.014133929264186901,75.3712713173449,2.091307437004085
2024-06-03,152.6,158.04,151.43,155.18,154.52,11606.52285892,0.01656904153877274,0.014204371097663955,77.49168122159442,2.046852925166479
2024-06-04,155.15,161.05,154.89,159.95,157.49,8769.88294856,0.030275532929723778,0.015185722472653412,80.81846170373836,2.179650897222422
2024-06-05,160.07,165.25,159.19,163.41,162.68,9624.83607518,0.0214011136681659,0.0153804829549096,82.8038879429534,2.052656072431479
2024-06-06,163.25,166.0,162.0,164.78,164.01,17547.84511859,0.008348870823751152,0.015167199780332744,83.53078414126516,1.7912397193298548
2024-06-07,164.82,174.42,153.21,153.93,163.71,17267.33441872,-0.06811329726546075,0.026180842148332297,61.39597109018808,0.46974917192538573
2024-06-08,153.81,170.45,153.81,169.52,164.06,8414.42762664,0.09647296033806052,0.03550492166691404,72.6221085846768,1.8196120545483259
2024-06-09,169.22,175.33,166.59,174.03,171.33,24953.02311949,0.026256784186038974,0.035625725147041785,74.8964131045349,1.822446441158221
2024-06-10,174.31,182.15,172.96,178.39,178.11,25423.39794319,0.02474446661709351,0.03515687914647059,76.89468737980665,1.8005214591145338
2024-06-11,178.48,180.96,167.59,174.69,174.55,9991.86690187,-0.020959190246037922,0.036333555727814604,71.68012362294755,1.293640804037442
2024-06-12,174.66,182.22,174.01,180.49,177.94,10884.95901409,0.03266240005901887,0.035769659623096375,74.58917483720039,1.5555334319442298
2024-06-13,180.48,181.41,171.47,171.82,176.18,10806.49951319,-0.049227957366246605,0.039049679363999265,64.0051527065736,0.7076057500154301
2024-06-14,171.74,176.71,164.3,170.35,171.56,8604.98869769,-0.008592273102934863,0.03941964519283469,62.38869713107031,0.46933908915916905
2024-06-15,170.38,178.0,169.25,177.28,173.22,4645.12462502,0.039875259451943416,0.040192123804604206,66.66309283212058,1.030517680685574
2024-06-16,177.24,178.0,172.29,177.39,175.03,3547.26115035,0.0006202949419292385,0.040140584657408857,66.72773008806233,0.9263058943378697
2024-06-17,176.97,178.19,170.96,174.24,174.61,7397.02196666,-0.017917039316197706,0.04080783844873918,62.96290409364492,0.4555154769712098
2024-06-18,174.23,174.46,166.63,169.65,170.14,9230.24339036,-0.026696167954411168,0.04128301665311429,57.84176134902585,-0.2515190540317115
2024-06-19,169.65,172.0,166.66,168.26,169.39,5060.4829225,-0.008227089107571703,0.04109268297386406,56.34710773310377,-0.5203129659096547
2024-06-20,168.34,172.15,167.22,169.88,169.46,6349.56325425,0.009581903322402954,0.041108449800842224,57.718416306880414,-0.3484798418994216
2024-06-21,169.88,176.03,158.1,160.11,166.96,15522.96714596,-0.05923122643110717,0.03999362046130454,47.93783221760369,-2.3832939333129985
2024-06-22,160.27,168.02,160.27,166.53,164.79,7042.54283316,0.03931439435621642,0.03176840581315222,53.512416708670635,-1.0758482332740005
2024-06-23,166.72,168.26,160.5,164.05,163.35,9607.01578925,-0.01500421396306894,0.030920766829473045,51.230397395481496,-1.3042625600348543
2024-06-24,164.1,167.6,155.51,158.89,161.5,13956.49951972,-0.03195912050683522,0.0305466414607861,46.76210572331483,-1.7773020760827336
2024-06-25,158.89,164.89,158.26,162.0,162.44,8901.71202198,0.0193841963321085,0.031154247174459946,49.614532178389084,-1.1113524075230417
2024-06-26,162.22,167.38,161.54,164.71,165.11,9706.79575877,0.016590016562200466,0.029915800457253883,52.026590246808695,-0.5983642349109765
2024-06-27,164.36,167.74,163.6,165.71,165.94,6985.0727095,0.006052920847117988,0.027388784877973915,52.92219028879125,-0.3575954084084978
2024-06-28,165.72,169.36,165.71,167.62,167.28,6890.0990754,0.011460240029057631,0.027574240674687344,54.66312756943649,0.004458296830697743
2024-06-29,167.79,168.48,164.82,165.08,166.56,4871.72120157,-0.015269307786379017,0.02508913281998007,51.91375044982606,-0.3239468375394045
2024-06-30,165.3,170.0,164.96,168.08,167.75,4193.27768853,0.01800985165236381,0.025813734255839934,54.80510556947842,0.49584666136982325
2024-07-01,168.09,174.69,166.91,167.76,170.42,10806.28473812,-0.001905669943080572,0.02549531909732588,54.4291594863555,0.6391535556314695
2024-07-02,167.76,171.01,167.21,168.82,169.31,7270.99426097,0.006298671961909308,0.024617088191006442,55.51767003812515,0.9900170073926853
2024-07-03,168.8,171.54,165.0,165.7,167.66,7618.30367411,-0.018654134123056703,0.025028036042260005,51.61004189935062,0.10764272430203407
2024-07-04,165.67,166.41,155.09,155.53,160.35,8150.39482714,-0.06334028537604848,0.02977333048997034,41.384794166766184,-2.262973254863502
2024-07-05,155.46,156.35,134.01,155.19,145.5,14766.38495344,-0.002188466372935404,0.025581052580517072,41.091680427072525,-1.9629313117094171
2024-07-06,155.26,159.54,153.46,158.5,156.89,6476.35730685,0.021104420633801874,0.02369999913381653,45.163590236614134,-1.0576898253126517
2024-07-07,158.15,159.93,148.65,148.66,154.73,5728.80891694,-0.06409277402018788,0.02864374656561608,36.980056543968836,-2.246846559416065
2024-07-08,149.39,155.28,144.5,154.51,150.81,11406.00809224,0.038596999865179255,0.03009180198206777,43.53105559816416,-1.174848523303908
2024-07-09,154.43,155.85,152.22,155.25,154.49,5057.37931578,0.004777901651261304,0.029541665179529074,44.31953959318135,-0.9457917755831291
2024-07-10,155.26,159.21,152.39,155.8,155.6,4590.10593147,0.0035364126230597146,0.029076782898355143,44.934964109025394,-0.7555180909843752
2024-07-11,155.8,160.91,154.85,158.61,158.33,6264.55337519,0.017875225478820585,0.029558024597908267,48.09169209723479,-0.26643909210995864
2024-07-12,158.54,160.26,157.03,159.95,158.95,4375.34085717,0.008412907480058398,0.029453368103545846,49.576191545059096,0.021266526054527043
2024-07-13,159.74,162.8,156.6,157.23,160.2,3783.01877159,-0.01715156491334241,0.029516212548622776,46.659237452071956,-0.3328113621061819
2024-07-14,157.28,160.24,155.27,159.96,157.51,4392.14341977,0.017214082496433167,0.029472378827619265,49.84869687744531,0.23143138186881293
2024-07-15,159.96,162.33,157.33,158.85,159.34,9427.86635122,-0.006963423263092568,0.029481842731159034,48.576857425679265,0.16541034159205067
2024-07-16,158.91,163.67,157.16,161.92,160.5,11584.20364249,0.019142025383575418,0.030018481181902153,52.20870304408885,1.0953700580833883
2024-07-17,162.24,164.25,158.75,160.36,160.76,6649.06830781,-0.00968109832479432,0.02975270974472116,50.265967362577825,0.9512522953260123
2024-07-18,160.31,162.13,159.99,161.11,161.06,3800.64076066,0.0046660737285890075,0.024028169981327476,51.20603323482417,1.0194957335491108
2024-07-19,161.2,163.25,157.68,161.45,160.44,5100.24566931,0.0021081357013887463,0.02399084590076327,51.652186205792376,0.9683868732809058
2024-07-20,161.49,166.0,161.24,163.42,163.56,4059.81058784,0.012128076752277195,0.02358118156988916,54.261757284711614,1.318682833580016
2024-07-21,163.44,165.08,162.0,164.73,163.63,3838.95072997,0.007984196002329675,0.013864630044068493,55.963880836267535,1.724048211997491
2024-07-22,164.8,165.87,159.62,160.96,162.1,12540.75503681,-0.02315188304751642,0.012944736500156791,50.17668343884375,0.3690815301631026
2024-07-23,160.68,161.89,157.86,160.82,160.02,8074.71564995,-0.0008701597913714978,0.012970408064563078,49.97003056138304,0.1949641143093791
2024-07-24,160.95,164.17,158.89,160.19,162.23,6618.46239767,-0.0039251164066109005,0.013078184887636343,48.9921999180274,-0.25850908237032094
2024-07-25,160.21,163.09,152.13,163.01,156.71,7272.75095529,0.01745093790480617,0.013038962079531641,53.38899048598577,1.0587277181669124
2024-07-26,163.0,176.99,160.93,161.31,167.18,16637.62017537,-0.010483569128501942,0.013294528887096578,50.55963440713385,0.11485225086771425
2024-07-27,161.3,165.68,160.7,162.67,163.37,4074.91132703,0.008395629288665577,0.012392523403459556,52.718386908009705,0.7651323901569441
2024-07-28,162.16,165.32,159.9,164.47,163.2,5908.82111545,0.011004573974815773,0.011924973627801856,55.48858521020828,1.5916334596218797
2024-07-29,164.68,165.58,160.92,161.1,163.64,5001.7800962,-0.020702892570249026,0.01321384941707077,49.62623232331186,-0.5914761331217961
2024-07-30,161.14,164.6,155.74,157.78,159.1,16012.50212013,-0.020823632515985124,0.013310766647358698,44.624354090866426,-2.1110007488656466
2024-07-31,157.74,161.49,155.75,157.56,159.07,6130.2869218,-0.0013953195642383688,0.013118607579662598,44.30567727381184,-1.839118687360301
2024-08-01,157.56,158.48,149.99,156.5,154.93,7909.46659063,-0.006750328122497222,0.013076781722508611,42.72259312401013,-1.8498911019022877
2024-08-02,156.62,168.22,155.2,157.94,162.46,16073.39157179,0.009159204089226925,0.013382444127859936,45.56797413850393,-1.114495621395689
2024-08-03,158.0,161.0,141.63,149.22,153.59,13406.06248872,-0.056793487026066666,0.01931691617123037,34.41785402100007,-2.673801668798885
2024-08-04,149.36,154.0,144.53,150.29,150.52,6940.92327923,0.007145033902634694,0.019269782518935543,36.472026025217986,-1.9131837368388003
2024-08-05,150.2,154.53,136.08,145.88,144.3,29919.66796502,-0.02978239500552349,0.01978375652152892,32.02041117919981,-2.123829940850985
2024-08-06,145.78,151.77,145.78,147.87,149.02,5869.61507029,0.013549143444916659,0.020491588845173894,35.82677857164619,-1.4705807010522736
2024-08-07,147.87,153.18,141.47,145.83,147.89,8843.28336379,-0.013891949659922244,0.020586997354633374,33.74107375323703,-1.4960820329820548
2024-08-08,146.1,159.15,145.81,158.07,153.12,7021.42860051,0.0805964131638302,0.03071378677486808,51.85256390486542,0.4078905575127543
2024-08-09,158.3,159.02,152.4,153.04,155.58,6374.55335811,-0.03233864775730664,0.031706663561821495,46.256831679903854,-0.29624277241485736
2024-08-10,152.98,153.29,146.81,150.67,150.0,3353.58751212,-0.015607310318800421,0.03164775856806729,43.855376022684936,-0.5723554237728733
2024-08-11,150.76,151.97,148.44,149.27,150.14,3823.39699643,-0.009335268168048581,0.03129804150861661,42.453290767177,-0.7146856415459247
2024-08-12,149.27,151.86,147.78,150.64,149.68,6102.04073807,0.009136137703748505,0.031303722722212414,44.32896784622051,-0.3375344068344876
2024-08-13,150.6,151.42,147.1,147.66,149.63,5621.14888172,-0.019980550717877424,0.03127131044588374,41.184469074334906,-0.8606476834876259
2024-08-14,147.62,164.99,147.53,151.22,151.06,9948.84949191,0.023823396499104355,0.0321912934336374,46.103118450995524,0.05253576734158939
2024-08-15,151.22,153.59,147.54,149.58,150.14,6426.49636255,-0.0109043633666022,0.032248273427493146,44.266546211658294,-0.2494177949278465
2024-08-16,149.58,151.78,147.92,148.8,149.67,5087.75775696,-0.005228244364530049,0.0320517253193928,43.38139660540985,-0.3436915785858065
2024-08-17,148.81,150.36,148.59,150.36,149.54,2781.13117742,0.010429296296985765,0.02840372625358686,45.71916891109466,0.13585522194386132
2024-08-18,150.37,152.11,149.77,151.48,151.07,4798.03045686,0.007421184337616606,0.028408758703992416,47.398436169949846,0.467737195021962
2024-08-19,151.49,157.22,150.01,155.1,153.58,10673.50338848,0.023616467148899,0.027594114003565092,52.51209312960276,1.4068735884938008
2024-08-20,155.13,162.53,153.91,159.6,158.21,12435.98645952,0.028600614833215344,0.028264021000037547,57.98062948454479,2.11416402634454
2024-08-21,159.6,162.51,157.05,161.47,159.71,9945.43349007,0.011648681877821324,0.027738748124758492,60.03996771799577,2.0601638434063054
2024-08-22,161.38,169.94,159.86,168.85,164.2,8444.68498416,0.04469137993804704,0.021366239970197817,66.92856267712543,2.58497704050084
2024-08-23,168.79,174.0,163.04,173.49,169.18,12278.25956376,0.027109214006660023,0.019237629131752008,70.38524355053988,2.3204607261424943
2024-08-24,173.4,176.18,166.87,169.64,171.95,13003.05154316,-0.022441416231846773,0.019981268339549385,64.37298945694104,1.520539619632262
2024-08-25,169.39,171.76,164.98,166.45,168.34,16274.15965645,-0.018983580585355955,0.020792556600271905,59.8139550879172,1.0026173312878544
2024-08-26,166.37,167.97,161.1,166.53,165.07,11234.53134943,0.0004805093491457008,0.020877683868933617,59.890673313066344,0.8775616302115199
2024-08-27,166.41,168.31,155.0,155.78,160.66,8715.02674061,-0.0667307178783772,0.028057372944511813,46.92650519842774,-0.3966137273013897
2024-08-28,155.6,160.12,153.3,158.02,156.9,8570.2795975,0.014276851802784811,0.02764692487371098,49.385106047523,-0.19816784733541737
2024-08-29,157.99,166.58,155.29,161.72,159.39,11074.55584696,0.02314483747798285,0.027813382012722376,53.238448789018406,0.15525989372526178
2024-08-30,161.75,168.47,160.58,168.42,164.9,7406.27810457,0.04059441482927589,0.029110349907579946,59.28334880628837,0.9029725412950235
2024-08-31,168.11,172.39,161.05,168.96,168.38,10600.0990987,0.0032011409160507247,0.02914420651085778,59.7351320633055,0.8665426181364116
2024-09-01,168.99,171.87,163.72,169.72,167.08,7285.39100878,0.004488019816227359,0.02916178531956126,60.401088535552944,0.8841768496293088
2024-09-02,169.7,170.62,166.89,170.43,168.57,7003.23945179,0.004174634903021209,0.028828135950881014,61.04922302168889,0.8935527151939171
2024-09-03,170.18,175.49,169.52,172.83,173.08,12630.23612684,0.013983797175256371,0.028233781835875372,63.23950871125276,1.1615915022615113
2024-09-04,172.83,176.84,170.36,170.75,173.42,9658.22115042,-0.01210795396150206,0.028560026939259048,60.085995340027914,0.6642545356324767
2024-09-05,170.53,176.35,169.62,172.47,173.39,9812.30579031,0.010022809852409796,0.02616195598220386,61.78311053147954,0.912526531779489
2024-09-06,172.56,173.71,163.83,165.0,169.52,12270.42322174,-0.044277834402728616,0.02770137644334104,51.53458005368455,-0.3684735493065334
2024-09-07,165.07,172.61,162.02,167.42,166.61,13387.96825588,0.014560151331329652,0.027528401308202312,54.185947872292545,0.13077528519488954
2024-09-08,167.41,176.26,167.24,171.57,171.76,17294.39302714,0.024485721363424147,0.0277870669155653,58.389868457296124,0.8435258797993718
2024-09-09,171.95,173.43,168.85,170.61,171.25,11200.50873016,-0.0056110966085164094,0.02786304681704042,57.08494451161495,0.5977971700920405
2024-09-10,170.55,171.61,165.95,168.14,169.3,6678.78256842,-0.01458328427966742,0.020527034786203248,53.756155213302755,-0.03584835023070839
2024-09-11,167.74,174.62,166.68,173.37,170.02,6033.96113197,0.030631073290645718,0.02150959692148552,59.183527482070346,1.2543657513133981
2024-09-12,173.48,175.12,169.32,171.89,171.59,6032.01108623,-0.008573301657730898,0.021304823901828786,57.13981764027106,0.759278858975864
2024-09-13,171.79,172.9,169.4,170.31,170.63,6968.39442441,-0.009234431489320872,0.018800160514120024,54.95794725498619,0.027144197824181013
2024-09-14,170.29,171.31,167.81,169.71,169.36,5652.17920469,-0.003529207827570542,0.018819998545641554,54.11292153765797,-0.26105209059352175
2024-09-15,169.7,171.87,169.2,170.3,170.4,5191.42848152,0.003470489645468557,0.018804607312036124,54.84811353008763,-0.018968353814869204
2024-09-16,170.33,171.93,167.78,170.55,170.16,6995.77674145,0.0014669211960121392,0.018774968128907648,55.175827774457446,0.08786401218621655
2024-09-17,170.63,172.98,168.73,172.64,171.34,5611.91475249,0.012179992645169647,0.018677932619299824,57.92519345558537,1.0256936306653575
2024-09-18,172.55,175.0,170.12,171.37,172.66,8028.15044551,-0.007383539837066669,0.01848556477203586,55.68987902477592,0.43724048625186296
2024-09-19,171.41,178.12,169.26,175.41,173.79,8754.32084432,0.02330112918293095,0.019345693564717152,60.863719190108895,1.8660151282184243
2024-09-20,175.45,178.79,174.5,175.34,177.01,5109.7565081,-0.0003991446952492176,0.01430836627549507,60.73139942564093,1.7241716624008918
2024-09-21,175.45,178.66,173.89,176.92,176.49,2911.00004039,0.008970706839686421,0.01407742061610526,62.7024176669065,1.982129661781035
2024-09-22,177.0,177.2,174.84,176.96,176.15,2553.34741459,0.00022606533384397692,0.01278821195574502,62.75338824730038,1.6296919426106813
2024-09-23,176.77,177.13,171.76,171.79,174.13,3397.78489438,-0.02965091769561585,0.015288612082423656,52.724232045041944,-0.24937115941486965
2024-09-24,171.74,171.88,165.1,169.45,167.87,10297.83603255,-0.013714902585293828,0.015224370719279215,48.913845614538694,-1.1909475524225668
2024-09-25,169.37,169.76,164.51,165.49,167.36,5368.36000322,-0.023647128022208294,0.013822568412564431,43.22113695544001,-2.027337371856054
2024-09-26,165.52,166.54,162.89,164.42,164.6,5098.68233912,-0.0064866403068646605,0.013772756550093114,41.80536771465761,-1.8552566874212588
2024-09-27,164.41,164.56,161.52,164.11,163.24,4976.44242993,-0.001887195032450758,0.013663596292377699,41.382431484680666,-1.6173688079454753
2024-09-28,164.07,165.59,157.26,158.63,160.29,11047.14194198,-0.03396248827117276,0.0160303447789222,34.69946647540786,-2.143470889250004
2024-09-29,158.74,158.77,151.79,153.0,154.38,7536.36822063,-0.03613652502792836,0.017846286889371274,29.439364814993155,-2.250821329953417
2024-09-30,152.96,156.68,149.88,154.44,153.4,10673.99807694,0.00936775000360002,0.01827655687781943,32.26754414354933,-1.6603834494548337
2024-10-01,154.26,154.9,140.0,144.82,148.51,14027.93562788,-0.0643140794353609,0.02291814629306118,25.04535423695586,-2.103942497099678
2024-10-02,144.75,149.72,135.38,136.68,141.3,11727.64623227,-0.05784916471358356,0.02582697737274198,20.802545228896747,-2.1339167348706636
2024-10-03,136.74,145.32,135.37,144.27,139.92,7863.57909473,0.054044116710589805,0.030350644919892786,32.31619746622643,-1.302170222189647
2024-10-04,144.35,150.83,143.18,148.96,146.58,4992.15829557,0.03199126957107606,0.032614040391128474,38.28651845295206,-0.8146238341158292
2024-10-05,148.85,155.0,148.85,153.33,151.93,4418.82376825,0.02891464791954094,0.03399038766366546,43.304773218979186,-0.36548316417651106
2024-10-06,153.11,155.0,146.64,147.77,150.23,7920.42368729,-0.036935450532755335,0.03455800460658069,38.963576102293516,-0.7375401210139141
2024-10-07,147.8,148.6,144.05,144.6,146.63,3109.22676241,-0.021685701190878336,0.03432537540916414,36.704346414190454,-0.9207903332001285
2024-10-08,144.42,152.15,144.13,149.26,148.16,6109.50624125,0.03171844197857695,0.036274430614350504,42.02599528515238,-0.3317928146713308
2024-10-09,149.25,154.79,146.39,147.48,151.3,7252.34358924,-0.011997178337297649,0.03604702194954899,40.62110368689112,-0.43094447992242546
2024-10-10,147.48,153.97,147.04,153.16,151.25,6028.47800524,0.03779055324315004,0.0380958793831537,46.7395689859045,0.45880763571214794
2024-10-11,152.99,155.0,149.74,151.94,152.1,7664.30467828,-0.007997420534018257,0.038091645708098754,45.65148732632181,0.5014422735024974
2024-10-12,152.04,154.51,150.15,150.61,152.84,4750.93735573,-0.0087919918513182,0.03722934065754651,44.436986321984335,0.41583764358460057
2024-10-13,150.55,152.42,147.94,148.47,150.51,4001.06742517,-0.014310796591852961,0.03620985432847053,42.47876556280785,0.042592314499627894
2024-10-14,148.5,157.07,148.44,156.67,154.01,5123.4059153,0.05375876477349131,0.03912218314307226,51.3292984665128,1.6693722522128602
2024-10-15,156.55,158.1,150.65,153.22,154.06,9127.34726932,-0.022266885316720796,0.03513075039712059,47.984052375832974,0.842413364942967
2024-10-16,153.32,160.26,152.74,155.84,156.71,6613.20485927,0.01695504280555007,0.030360568222899075,50.616222353736894,1.4262099116829152
2024-10-17,155.92,159.4,153.9,157.89,157.05,10706.66383387,0.013068748139572135,0.027569427827122673,52.63581927129391,1.685045547296102
2024-10-18,157.91,162.78,157.08,159.8,159.87,7931.84260364,0.012024445298377222,0.02664718767553659,54.50275629098301,1.7406490066438955
2024-10-19,160.08,163.08,158.99,160.77,161.29,3759.82327195,0.006051738842694284,0.02575566258469464,55.46287485802116,1.630144691905071
2024-10-20,160.74,165.0,159.22,163.4,161.7,4860.57628681,0.016226410251033822,0.02313996751226674,58.04788549228193,1.7452890757635442
2024-10-21,163.41,163.5,153.1,155.19,157.19,7492.14692096,-0.05155100974236919,0.027051875265918235,48.570568027945036,0.13250659597436573
2024-10-22,155.23,158.43,154.42,157.07,156.53,6416.46737074,0.012041393171407544,0.02605232844175463,50.56109137030029,0.42485828886206867
2024-10-23,157.09,158.19,154.79,156.62,156.36,5171.80146744,-0.0028690765321492786,0.025743184669425795,50.06163230383034,0.21109231038698895
2024-10-24,156.56,158.97,154.56,157.33,157.1,6423.29650496,0.0045230209295404585,0.023881595257617728,50.88599686467168,0.3164372949776116
2024-10-25,157.34,159.67,154.96,157.76,157.5,8765.13634935,0.002729380601993221,0.023710441846043852,51.40915646495991,0.33335455163712086
2024-10-26,157.47,160.86,156.62,160.15,158.78,4813.63889047,0.01503598520084195,0.02367842051246974,54.321577074441436,0.8379265943406639
2024-10-27,160.12,164.06,159.8,162.88,161.91,4317.375637,0.016902857306990808,0.023248042595014187,57.458217729360804,1.6251644251177997
2024-10-28,163.09,164.27,159.93,163.47,162.12,6818.02562063,0.003615753900958819,0.01887844707601719,58.12742004403602,1.5128416093827073
2024-10-29,163.24,166.0,161.36,162.41,164.07,7222.80471022,-0.0065054850766051555,0.017685806825213174,56.41053771599966,1.0643200638809571
2024-10-30,162.29,165.0,161.01,161.83,163.26,6973.54034195,-0.003577600657717354,0.017392110793400046,55.44552552716718,0.7458754090168724
2024-10-31,161.87,162.08,154.81,156.0,158.1,5797.90979334,-0.036690394279257146,0.019997991586013418,46.78230415573248,-1.238972878817701
2024-11-01,155.63,159.78,151.51,156.38,155.67,5207.64152867,0.0024329354468308117,0.019684463642260144,47.35964389490646,-0.9835228894865483
2024-11-02,156.38,159.98,152.89,154.15,156.08,3125.34029878,-0.014362788364208573,0.019833965966392413,44.320927463007806,-1.4338352651877808
2024-11-03,154.16,158.26,152.51,157.03,156.11,3547.80207266,0.018510715564703115,0.02001291863139497,48.8825875059122,-0.4605239363498345
2024-11-04,157.0,161.66,155.45,158.24,158.92,5361.14256865,0.007675997977539642,0.014395566092874429,50.70971892017546,-0.14504317113240706
2024-11-05,158.34,163.01,157.16,158.73,159.67,5101.76903711,0.003091777709748007,0.014081483755900303,51.46627296703248,-0.018725846358235477
2024-11-06,158.6,163.5,157.68,160.93,161.32,6109.97778058,0.013764842246253585,0.014449488544120863,54.81934203535293,0.6380902949791675
2024-11-07,161.33,168.56,160.9,163.41,165.24,7966.03100523,0.015292892233289154,0.014877973077540468,58.31547095371995,1.274296045181034
2024-11-08,163.4,167.27,163.21,165.74,164.7,3924.1624804,0.014157915357203761,0.015189484837896556,61.342118572794135,1.6521767297539718
2024-11-09,165.79,165.92,161.26,163.66,163.27,2285.09284651,-0.012629190321660839,0.0153751399200516,57.33959688195806,0.9341485062671964
2024-11-10,163.54,166.49,161.56,162.26,164.24,3660.66279735,-0.008591118132316788,0.014919707198296711,54.75013511897668,0.5566276814389796
2024-11-11,161.69,162.16,156.0,157.21,159.26,9034.68332104,-0.0316174957634963,0.017035022823732225,46.57882934680929,-0.7602227857710445
2024-11-12,157.11,159.99,149.78,150.5,155.52,17382.61167385,-0.04361940701449218,0.02024353995399705,38.38194090050833,-2.0294086105441114
2024-11-13,150.37,152.28,145.18,150.78,148.89,17483.62181765,0.001858736594625342,0.020333951492230478,38.865408820521964,-1.604278575646831
2024-11-14,150.64,150.83,143.6,147.47,146.24,17066.59652131,-0.022197055520706326,0.01891897374325305,35.33578045025939,-1.8635075452785481
2024-11-15,147.42,150.16,140.61,141.4,144.67,13383.03820841,-0.04203201180037708,0.02133148103196831,29.961978990277217,-2.1747539806701752
2024-11-16,141.55,152.43,141.52,150.78,147.16,7724.77132036,0.06422906732108348,0.02845220859583378,44.10750902435856,-0.7762379306060593
2024-11-17,150.63,157.96,147.01,156.43,151.75,8010.37689311,0.036786804790123154,0.029830730116982822,50.58193655882885,0.02494007373043
2024-11-18,156.34,160.6,152.81,156.0,156.5,9771.97730454,-0.002752618324141936,0.02974704422034419,50.106224370279925,-0.013115924029836487
2024-11-19,156.0,166.89,154.71,162.51,160.08,13011.05392497,0.04088353108838005,0.031793063008830655,56.73962625608492,0.8469620808750357
2024-11-20,162.57,163.76,157.2,160.35,159.5,9255.91168068,-0.013380612198753201,0.03182716247236363,54.16640348108418,0.5570939014653435
2024-11-21,160.35,163.8,159.29,160.63,161.18,7277.58000061,0.001744657430510845,0.031522470187377,54.454755447688065,0.6385982626436477
2024-11-22,160.57,162.58,157.16,162.52,159.87,7282.70114515,0.011697487549851298,0.031436848476191756,56.446573941379796,0.9793577045910857
2024-11-23,162.53,165.0,159.42,161.46,162.52,6096.69762192,-0.006543637152656571,0.03131148040334023,54.99395917876126,0.8678464818995258
2024-11-24,161.32,166.2,157.63,162.12,162.23,5262.99832373,0.004079367793238256,0.031257218306213745,55.757401525941695,0.9709774287573504
2024-11-25,162.19,166.37,155.61,156.13,161.6,7061.53108558,-0.0376478082066789,0.03176297843563886,47.82776793885464,0.073243348692901
2024-11-26,156.17,164.12,151.45,160.21,156.11,9210.72193996,0.025796461105194183,0.029874751114785027,52.756247949483246,0.59507085225938
2024-11-27,160.02,160.22,150.0,156.09,155.46,13627.29518246,-0.026052690688301093,0.03097325110984723,47.84151173891405,-0.10019154190908951
2024-11-28,156.09,160.46,155.43,159.19,157.83,3422.17503376,0.019665693396722722,0.030424326107113264,51.50247247803502,0.2846507890322822
2024-11-29,159.39,160.43,155.51,159.52,158.35,2901.85075171,0.002070848846483625,0.02724555702939326,51.8895928599389,0.19885484132225986
2024-11-30,159.49,163.73,158.0,162.21,160.36,3846.16455744,0.016722485848495006,0.022294427352074084,55.0400615703937,1.0049743427047035
2024-12-01,162.2,165.0,161.0,162.93,163.26,7421.84222268,0.004428868652840371,0.020363745046730688,55.87298595986298,1.125794689289391
2024-12-02,163.05,178.0,160.18,173.8,168.64,23737.68442861,0.06458455211642801,0.026075251194559532,66.08756686895424,2.9645087790233675
2024-12-03,173.8,217.99,166.12,204.03,184.01,55881.91609553,0.16036182902436533,0.04805407995206799,79.97235360084211,3.263539524264729
2024-12-04,204.93,214.15,181.0,196.22,197.18,54127.021612,-0.03903056312041225,0.04973050741149289,71.79399831051882,1.986344651494174
2024-12-05,196.22,212.4,185.0,193.56,197.02,25722.67954092,-0.013648936810126987,0.05020027075344298,69.19840027546867,1.4970956180578383
2024-12-06,193.56,205.45,193.2,199.14,199.43,12258.13545202,0.02842055303482033,0.050357401340633455,71.52415128863589,1.5213159615825416
2024-12-07,198.74,203.72,194.14,200.62,199.69,10523.92536282,0.007404476495400834,0.05004573689951919,72.12534122972892,1.3527070118683038
2024-12-08,200.62,224.94,196.1,222.79,209.1,13622.70643406,0.10481705228709316,0.05524734217067591,79.20707111773649,1.9324689447784797
2024-12-09,222.54,227.37,155.52,176.02,189.01,38367.71714617,-0.23563199879676647,0.0876952086410386,50.22048536418994,-0.2042387573488538
2024-12-10,175.78,180.52,164.48,179.67,173.56,12651.1000856,0.02052420999881501,0.08762681271655713,51.70586570937071,-0.10386349511983273
2024-12-11,179.5,200.51,175.43,200.51,189.23,11620.30217578,0.1097422858701319,0.09099600944232318,59.19293581663301,0.7725090558208907
2024-12-12,200.51,215.62,194.33,199.4,202.71,15035.16076513,-0.005551263286874512,0.09120744488660376,58.67119787902785,0.6084262483133099
2024-12-13,199.13,214.46,198.21,207.27,207.4,16712.63140919,0.038709433641075194,0.09129994109921606,61.27726163055869,0.9034807854777469
2024-12-14,207.31,220.98,200.37,210.32,208.85,10375.87068078,0.014607889252812494,0.091305220004658,62.270209396479885,0.961862356688123
2024-12-15,209.74,223.68,205.2,221.93,215.84,13725.19419134,0.053731836413011984,0.09166864204775631,65.85904130091293,1.5406189330951883
2024-12-16,221.93,231.96,207.75,212.1,218.22,11050.84119488,-0.04530415526400102,0.0924500007432002,60.60288798857689,0.7782637395282186
2024-12-17,211.16,225.1,208.73,213.36,218.76,12648.98647392,0.005923018303122071,0.0823315881232955,61.03218746398803,0.8014509962602603
2024-12-18,213.56,224.62,209.63,212.03,217.08,16717.97145161,-0.006253105779299617,0.08150034417859814,60.28543927237762,0.6176241034446279
2024-12-19,212.47,215.4,189.0,194.51,204.29,20262.57427375,-0.0862441984758586,0.08504702630161698,51.369139195945735,-0.6552380063637167
2024-12-20,194.37,201.98,166.28,196.71,183.11,18945.28911681,0.011246987325037068,0.08473427651026949,52.32271887980352,-0.48054910728637035
2024-12-21,196.71,197.56,181.15,183.95,190.18,8752.97218332,-0.06706658139285443,0.08649366955646928,46.6135851441115,-1.2314469924744929
2024-12-22,183.99,198.56,181.4,190.12,190.71,6821.98954823,0.032991470195025394,0.08138145338942926,49.483896007045004,-0.7023801055207187
2024-12-23,190.19,193.62,184.94,190.94,190.29,6528.07209998,0.004303790824078364,0.04954997930673223,49.86965163598083,-0.8062141427289533
2024-12-24,190.65,193.4,184.5,190.21,189.79,6132.88666985,-0.0038305176051374526,0.049421067295137795,49.50720462754642,-1.0184346848630235
2024-12-25,190.07,199.62,189.33,190.71,194.22,6797.99612236,0.002625224651677443,0.03899510364123711,49.7764494894039,-0.8822790809714798
2024-12-26,190.76,194.16,186.51,189.0,190.16,6302.26539751,-0.009006934556784705,0.03901947543291856,48.81769790542027,-0.9308630561008251
2024-12-27,189.12,195.87,186.93,192.54,191.27,5476.61273769,0.0185569092901781,0.03767826383655021,50.92503500255882,-0.5509538138615073
2024-12-28,192.54,200.83,192.51,196.74,197.18,5508.82281667,0.021579135734791522,0.03800575186993184,53.377701983832495,-0.12603394792417508
2024-12-29,196.67,197.42,189.0,192.61,192.78,3922.33663662,-0.02121564098848078,0.03422190749933369,50.69466717719055,-0.3704439911650788
2024-12-30,192.56,196.64,183.3,190.66,190.45,6927.65780312,-0.010175682030699055,0.03269769977553518,49.43127696775086,-0.4705658638331481
2024-12-31,190.15,197.0,186.04,193.12,192.41,7975.10249252,0.012820020283789235,0.0329681495977776,51.08735781067612,-0.0019176496390160387
2025-01-01,193.07,196.63,191.63,195.58,194.64,3907.32323005,0.012657745534907672,0.033391062326233595,52.7536549444678,1.0637607936533109
2025-01-02,195.67,197.0,191.71,196.85,194.45,3455.06438741,0.006472514505617298,0.024105515686041776,53.63187659759048,1.3152899241659193
2025-01-03,196.81,206.0,195.73,200.99,201.66,8313.90113755,0.020813138187914124,0.024554178215372043,56.47229916705893,2.061785615265684
2025-01-04,201.11,202.05,193.38,194.83,196.3,6296.33888481,-0.031127772119864595,0.017772157981898764,51.42453704695117,0.4785949844864408
2025-01-05,194.49,198.69,188.16,196.63,194.71,3266.88942253,0.00919640671366976,0.015828585161740075,52.75349004173524,0.8747645945484446
2025-01-06,197.08,205.82,196.36,203.56,202.83,6688.53418962,0.034637011549166256,0.018031289118722812,57.56680039352909,2.1478740743168943
2025-01-07,203.43,205.77,193.14,193.93,199.44,6887.81259012,-0.04846353251248244,0.022915374561038666,49.95129668191233,-0.2273503449709828
2025-01-08,193.61,204.66,183.03,200.85,195.07,15832.07551606,0.03506109159714165,0.024626406296908338,54.599175273401165,1.285992007162301
2025-01-09,200.84,200.84,188.81,190.63,194.76,7326.75259733,-0.05222398427940589,0.02871159441381901,47.57253494922486,-1.2850938482553194
2025-01-10,190.63,200.06,189.31,199.62,195.97,4068.22038769,0.04608118273255517,0.0308941878015152,53.26964022695568,0.8694363289589532
2025-01-11,199.62,199.62,193.23,198.24,196.91,2940.18908068,-0.00693714137760806,0.030482468499551288,52.329599064521595,0.4884487004883257
2025-01-12,198.36,208.15,194.92,199.91,202.57,5950.74406894,0.008388847386818986,0.029877823822239465,53.40127435019217,0.78475604073874
2025-01-13,199.56,204.0,190.75,201.95,198.55,12183.52803271,0.010152876741770322,0.0296996294103866,54.739807667323504,1.1580187953202556
2025-01-14,202.03,209.44,199.09,205.63,205.46,13150.76490891,0.018058295324005092,0.029850425885839714,57.13197187015635,1.7521380660950459
2025-01-15,205.87,210.0,203.42,208.14,206.66,10304.56418473,0.012132492876286372,0.029839689565532797,58.73402632868188,1.857092508584639
2025-01-16,208.46,221.77,206.0,221.7,214.22,7898.06287309,0.0631141864125525,0.03372285155549341,66.10395726187481,2.731323874668044
2025-01-17,221.38,235.89,218.0,230.42,226.15,8706.15701744,0.038578613987641744,0.03454635896501662,69.83489224548921,2.504194250975999
2025-01-18,230.39,232.32,212.18,217.4,219.66,5476.50317273,-0.058164755922798315,0.037626344526152856,59.33348043930172,1.1206655977973177
2025-01-19,217.0,223.53,199.18,203.63,211.84,8106.16189726,-0.06543435312468548,0.042401481146221574,50.657362692337784,-0.16232623870939003
2025-01-20,203.53,213.8,195.37,207.34,207.08,7077.22799643,0.018055336332542544,0.04165980260413429,52.66565372598435,0.1530600650909618
2025-01-21,207.26,219.62,202.39,214.79,210.05,3526.11998074,0.03530084872120593,0.03994043432611624,56.494885496335364,0.7197907771305392
2025-01-22,215.3,224.07,212.15,222.25,218.71,4857.48876607,0.034142067777842136,0.03989201877369944,59.98563317001322,1.216415534910456
2025-01-23,223.29,227.0,213.3,221.43,220.39,4412.86425749,-0.0036963619439432504,0.03627255903542677,59.421242818743494,1.021557980005649
2025-01-24,221.43,222.79,213.04,220.44,218.24,6463.97287888,-0.004480963435036092,0.03497241107022003,58.70311866709936,0.8010371528362766
2025-01-25,220.49,222.82,216.93,221.44,219.78,2123.80805665,0.004526123414270251,0.03475232417211755,59.238979895203826,0.7836625140711327
2025-01-26,221.13,225.64,217.4,219.1,222.38,3404.93334484,-0.010623425827883944,0.035101688230845474,57.36325389427876,0.42982400788513775
2025-01-27,218.69,223.0,208.49,214.29,216.98,6433.61336489,-0.02219800876643007,0.03590179123162877,53.605849715161135,-0.25924164113421216
2025-01-28,214.29,225.24,212.11,218.12,219.63,4408.56969969,0.017715132222870033,0.03589174430692101,56.07315305955444,0.13333116775481083
2025-01-29,217.98,225.79,216.41,221.81,221.42,6379.04012732,0.016775789504837206,0.03599187976244417,58.370230337712606,0.5494274299652961
2025-01-30,221.68,242.48,221.54,232.81,231.21,9824.13639777,0.04840151069849158,0.03432642070994263,64.3543835854085,1.8024307048710855
2025-01-31,232.83,239.92,230.96,238.69,235.3,6686.31596068,0.024942968615753056,0.03343622226783767,67.07862730578111,2.1597706650231423
2025-02-01,238.45,242.54,232.1,234.31,237.45,6643.1914029,-0.01852061394960145,0.029327935598945563,63.203697978198335,1.4027781469038532
2025-02-02,234.14,239.57,217.01,221.74,225.38,7469.6216138,-0.05513950058313568,0.027487951675371644,53.62899840378596,-0.036056065618556725
2025-02-03,221.89,227.04,190.43,225.52,209.97,16606.25785073,0.01690332246165146,0.02745106342741964,55.79755216193869,0.3033218798189393
2025-02-04,225.79,234.99,216.26,220.01,226.96,14339.17504599,-0.02473584694106768,0.02721058313735367,51.98147786901166,-0.541043584714323
2025-02-05,219.85,229.0,217.62,226.95,223.02,7388.39017904,0.031056729037685128,0.026938889824429303,56.05786466833521,0.42197241695599264
2025-02-06,227.42,239.62,220.77,222.39,228.85,8208.12756351,-0.020297131565736565,0.027543537315491525,52.88129258670023,-0.2517119599018894
2025-02-07,222.45,228.18,193.69,205.47,207.66,11953.18130626,-0.07913255945881449,0.0348097696962102,43.11791445262281,-2.078978817953376
2025-02-08,205.59,219.3,204.65,214.11,211.81,5348.78631999,0.04118986377316227,0.03689987060006037,48.36085746275455,-0.9579537998213895
2025-02-09,213.46,223.0,213.11,220.0,219.07,5855.80265845,0.027137644701275842,0.037625826753639124,51.63372552187767,-0.29539021078676536
2025-02-10,219.92,225.78,218.77,221.92,222.3,7813.51783356,0.00868941021415989,0.03710759600884813,52.68642843722433,-0.14372520475299919
2025-02-11,222.14,227.56,218.34,222.55,222.03,6851.97824813,0.002834838895342081,0.03685045199408827,53.04754342457987,-0.10808603809039187
2025-02-12,222.8,228.19,218.82,227.02,223.86,4888.87590114,0.0198863238653301,0.03695926935612558,55.634880957755755,0.38310133175446914
2025-02-13,227.09,228.78,222.01,224.68,225.75,3112.74927219,-0.010360951662961406,0.03449719603432622,53.95859383041508,0.18111105885232662
2025-02-14,224.83,231.71,224.68,229.6,228.08,3628.5035154,0.02166149678117925,0.03430672896170481,56.89909632046676,1.0168755034936152
2025-02-15,229.59,237.79,228.54,230.13,233.76,4299.59907544,0.00230570219390337,0.03402172500969785,57.21608876219094,1.2207290112442526
2025-02-16,230.5,235.92,227.64,229.71,231.33,4298.83895661,-0.0018267228461728204,0.030311536811358564,56.8592093852584,1.0199645432010245
2025-02-17,229.71,239.0,229.26,238.13,234.01,9901.19024299,0.03599909924270984,0.031417898616791805,61.97922967134902,1.830628525548222
2025-02-18,238.13,239.69,229.41,236.8,234.18,6899.19001846,-0.005600840026000964,0.03047915112464156,60.7527129011695,1.3947596553182222
2025-02-19,236.8,242.59,232.86,239.56,237.41,8925.86471244,0.01158800438641107,0.029643978754092914,62.41491922020267,1.4663734889678652
2025-02-20,239.63,241.0,228.0,229.0,232.68,6738.44404907,-0.045081903842022014,0.031855367448627984,53.14134143250948,0.28604104290329063
2025-02-21,229.07,238.47,227.21,232.69,232.82,5518.06830669,0.015985092044616303,0.021734883258123713,55.62257764352667,0.6094134336758361
2025-02-22,233.04,237.79,230.21,234.99,233.43,3047.98233827,0.009835864448401092,0.019667278090567702,57.14578136808292,0.8464884651327429
2025-02-23,234.98,237.68,231.81,236.02,234.72,2649.09559782,0.004373587150345882,0.018763087989682393,57.843617304623685,0.8986515486906512
2025-02-24,235.89,237.65,226.22,226.71,233.42,4971.62145105,-0.0402448794968645,0.022259246050171273,49.9293171701455,-0.8702907509354286
2025-02-25,226.87,231.07,212.54,216.24,221.02,7466.5388805,-0.04728276573254602,0.02578351597707571,42.83181920604947,-2.344845580641095
2025-02-26,216.49,224.58,210.11,214.01,217.08,7309.62573433,-0.010366159066142511,0.0250608154101285,41.479358832607545,-2.0788219921296416
2025-02-27,214.01,216.39,206.13,209.19,210.32,3639.1859954,-0.02277981300102061,0.025510830014962235,38.63938040644389,-2.08989895723995
2025-02-28,209.18,219.96,205.23,218.04,212.12,11379.99936959,0.04143560229505112,0.0275708645721783,45.95601382476751,-1.0116693176140508
2025-03-01,218.14,227.37,216.08,223.4,222.33,10146.53829294,0.024285354439020253,0.02854705746756641,49.85586393757591,-0.41298273296349874
2025-03-02,223.39,230.52,222.03,229.74,225.73,5249.70851749,0.027984348082157846,0.02966071943867054,54.07709429354269,0.23112430702962813
2025-03-03,229.74,235.01,214.88,218.54,226.56,8091.26176811,-0.049979170574658865,0.03052417097001369,46.61207722815041,-0.7842625280846693
2025-03-04,218.24,224.49,211.31,224.27,216.64,10092.01898728,0.025881618995598404,0.031703211815952585,50.38559602989569,-0.09917051845108334
2025-03-05,224.49,231.7,223.06,227.64,227.42,13145.8521948,0.01491475059672549,0.03184026451458052,52.511538728670324,0.4074771924773198
2025-03-06,227.64,234.88,224.41,228.85,229.7,9934.95694471,0.005301333364727976,0.029562441503510534,53.285528758772166,0.5577475751571881
2025-03-07,228.91,230.07,216.66,216.67,223.6,7557.18181305,-0.054691308381035364,0.03250254073022143,45.28453733171986,-0.812162065097302
2025-03-08,216.79,228.0,215.0,220.35,221.36,3482.07738146,0.01684173256938023,0.032802652673305774,47.83320883291789,-0.24388174213928984
2025-03-09,220.74,221.83,210.76,211.48,216.63,5131.29065416,-0.041086759920746514,0.03407210159097562,42.67352818269538,-1.35257421088592
2025-03-10,211.61,213.59,197.07,201.0,205.27,11860.78760726,-0.05082552330817368,0.034952108424071635,37.523402113761314,-2.1695217360990604
2025-03-11,201.22,213.94,197.1,212.43,203.78,7159.70385446,0.05530761427271649,0.036916764675636725,45.2800586813954,-0.7084655692074873
2025-03-12,212.57,213.16,204.43,208.81,207.7,4235.1770422,-0.01718777474982185,0.037090671402592666,43.44055939610143,-1.0623356943445288
2025-03-13,208.45,211.37,205.1,206.78,207.84,2756.75720438,-0.009769321423423422,0.036684182783971966,42.40031852706599,-1.2490294102464021
2025-03-14,206.97,211.5,205.66,210.21,207.79,4638.77539356,0.01645160489200528,0.03504094687824629,44.805336672091755,-0.7734672206163884
2025-03-15,210.31,213.49,207.89,213.01,211.27,3627.15969605,0.013232081913640793,0.034508770801741806,46.759622125712944,-0.38443175339419067
2025-03-16,213.42,214.72,208.71,209.19,211.58,3977.20949058,-0.01809618306316389,0.03346672663641547,44.44741146455277,-0.7063504470845677
2025-03-17,209.13,213.0,208.39,212.57,211.4,5250.47115772,0.0160284159840051,0.03149074375083328,46.94719705948688,-0.24053524800131623
2025-03-18,212.15,212.96,204.95,209.02,208.34,4296.80374813,-0.01684140471867644,0.030641879702710328,44.67343934014948,-0.5723008891880823
2025-03-19,208.86,210.99,204.42,207.71,207.46,6314.19547853,-0.006287065078340555,0.030099449042949273,43.82984800774858,-0.646438639730847
2025-03-20,207.68,211.39,207.5,210.51,209.57,5263.54632803,0.01339028184428981,0.03042025694494982,46.169661543028774,-0.04086096895209505
2025-03-21,210.59,213.89,206.62,213.32,210.33,5886.09455265,0.013260227800094383,0.02730999643882375,48.48871625692147,0.6679395444660945
2025-03-22,213.25,217.41,212.84,214.64,214.72,4182.75048241,0.006168820384967279,0.026916369972790115,49.58740638141177,1.3244613146730304
2025-03-23,214.9,218.28,214.9,216.93,216.17,3179.13349661,0.010612514737601558,0.024566831942947506,51.51932034578782,1.6576164973222898
2025-03-24,216.94,222.09,216.46,219.56,219.23,5581.96438155,0.012050822826718297,0.019408426361927904,53.71319057758743,2.162678596971796
2025-03-25,219.53,224.9,218.41,220.03,221.53,5003.15654317,0.0021383570103611447,0.013334437987904556,54.11282268391677,1.8254976321133642
2025-03-26,220.03,228.34,219.96,223.17,224.15,8219.37449232,0.014169912179309975,0.012369809048673124,56.79654791689905,1.9712929950613622
2025-03-27,223.15,225.39,220.75,224.92,223.24,3057.30049515,0.007810970552641162,0.011654045765658564,58.261673402978275,1.875194675805596
2025-03-28,225.21,226.19,215.3,217.92,220.14,3000.84142192,-0.03161676046285345,0.014953712821508139,50.83545431949431,0.5079317170947859
2025-03-29,217.86,219.5,212.74,215.31,215.79,2878.88190868,-0.012049172851057261,0.015093327957942956,48.360307271942716,-0.006128880216948445
2025-03-30,215.31,218.99,214.92,217.9,216.68,2017.72773192,0.011957391840484069,0.014321563475634473,50.914375848510545,0.3801085044389551
2025-03-31,217.88,219.2,214.0,215.19,216.44,7413.03263207,-0.012514883144121487,0.014342649236855666,48.22661927203327,-0.19228785763789188
2025-04-01,215.13,219.91,214.26,216.64,217.2,4010.71844186,0.006715630917457307,0.013458924476607459,49.754980196102,-0.012365949513740117
2025-04-02,217.21,222.29,213.05,214.84,217.71,7459.56613412,-0.008343424686651515,0.013573607905244645,47.86596519125005,-0.6192040067685688
2025-04-03,214.85,218.3,208.0,215.58,212.62,7541.83171045,0.003438505316223747,0.013210104255889692,48.72780130699627,-0.5937159756222505
2025-04-04,215.4,219.09,213.02,215.0,215.84,5884.59523115,-0.002694042225819587,0.012818478342934503,48.05723292797066,-0.8369415953583952
2025-04-05,215.01,219.19,211.0,212.99,214.88,3421.56409717,-0.00939281187715371,0.012968561075911983,45.70961938176802,-1.3635524187527681
2025-04-06,212.99,216.09,195.82,199.19,204.92,4895.17538461,-0.06698607316332653,0.021564283457298918,33.58063447635399,-2.871840526342105
2025-04-07,199.16,204.86,165.33,203.56,192.44,19414.08607888,0.021701658633449344,0.02232960931013435,39.09222121186866,-1.7145065238225548
2025-04-08,203.55,209.37,194.52,194.6,202.92,5392.91783638,-0.04501463196872728,0.024550090718984112,33.0386050313694,-2.1950500515919966
2025-04-09,194.59,205.34,191.96,202.61,198.89,8388.15296465,0.040336779186155226,0.027275884171356273,41.72633052860612,-1.0916867780188555
2025-04-10,202.5,205.13,196.87,201.0,199.11,7847.97239278,-0.007978040878984186,0.02694508418284918,40.58649755524839,-1.1379158824155073
2025-04-11,200.98,207.04,200.0,206.69,202.38,4655.11785174,0.0279151781646687,0.02762556138701207,46.18188983558454,-0.3438117745104612
2025-04-12,206.69,210.13,204.85,207.56,207.3,4653.07893158,0.004200368275794358,0.027592710657215736,47.00372067537987,-0.16464797647986532
2025-04-13,207.59,212.72,199.1,203.2,206.4,4186.46177444,-0.021229738795212137,0.02766962220349,43.42486345325765,-0.6289420053852698
2025-04-14,203.5,217.57,203.5,214.98,212.37,8424.76484289,0.05635428484059058,0.032010185762408674,53.68546704357063,0.9998936197181922
2025-04-15,215.0,217.0,210.7,215.92,214.52,4868.4965896,0.004362968164831702,0.031977983036561464,54.39621470170579,1.1473638938672417
2025-04-16,215.76,221.12,215.19,218.83,217.96,7168.57869136,0.013387203956519551,0.032081503415206845,56.61583754111886,1.4382046557067418
2025-04-17,218.97,219.83,215.5,217.19,217.92,5097.79405669,-0.007522626182039192,0.03215933472840008,54.99137967721343,1.1842700405983488
2025-04-18,217.24,220.0,214.91,215.74,217.21,3634.21331412,-0.006698567536946487,0.0322080025196805,53.52897266624884,0.9817528303998777
2025-04-19,215.78,218.68,210.53,216.09,214.75,4072.7983842,0.0016210086220981032,0.03208876219800178,53.84801532209015,0.9742745418362151
2025-04-20,216.26,219.74,213.31,214.57,216.51,4529.17017074,-0.007058962112391567,0.025673129210180983,52.17279920111064,0.6701034334307563
2025-04-21,214.61,217.5,212.84,215.7,215.14,7790.68599504,0.0052525279381209775,0.025238098667928987,53.335080375634554,0.7077137197370963
2025-04-22,215.57,227.2,214.93,226.98,219.88,10678.64559511,0.05097335447788212,0.023858569827247166,63.000971524758825,1.95059168039379
2025-04-23,226.87,231.65,224.47,230.32,228.46,7931.34839988,0.014607738430927499,0.0223689044446543,65.29334902333194,1.9310237833569108
2025-04-24,230.32,230.94,221.58,227.74,226.88,4181.13972337,-0.011265018921461438,0.022578844270886328,62.09300674213702,1.4336986169770989
2025-04-25,228.01,231.09,226.85,228.06,229.04,4142.02661999,0.001404124846753332,0.02196675532371186,62.339569635958526,1.2767270679817577
2025-04-26,228.19,230.48,227.29,230.45,229.1,2767.68199803,0.010425166937304886,0.021968121828865737,64.21188831707795,1.3682586549345468
2025-04-27,230.47,234.83,227.57,234.53,230.94,4259.8843263,0.01754959230696873,0.020464039351823053,67.20895682586038,1.74075204873421
2025-04-28,234.81,329.0,234.1,258.66,276.98,68871.84252442,0.09793094651361253,0.028934417963388127,78.61523931420598,2.82116190348175
2025-04-29,258.75,279.91,257.92,269.51,270.41,17921.51975151,0.04109103742494364,0.02972460923698261,81.6980287288061,2.46470599978628
2025-04-30,270.25,282.17,266.51,278.95,274.5,7247.92146222,0.03442705887949542,0.030120542150227813,83.87594277079748,2.1898716193404746
2025-05-01,278.83,289.99,270.12,271.37,279.01,11081.23372346,-0.027549350951901447,0.03181968775455975,76.0502073158635,1.5149245609461164
2025-05-02,271.43,292.74,270.26,282.02,283.62,14012.40695899,0.03849478706944815,0.03164177992516001,79.01301155238151,1.6294389069819832
2025-05-03,282.17,286.74,267.52,278.09,276.97,11051.39411449,-0.014033188104065187,0.032571277309856025,75.31059805128781,1.2608128628770625
2025-05-04,278.1,284.0,265.18,280.4,273.75,11275.03162638,0.008272352855416186,0.0319144102229926,76.02182236036221,1.1762801269702734
2025-05-05,280.49,282.0,270.26,281.98,275.69,9492.18061964,0.00561899127678008,0.031902315538263115,76.52004456664986,1.090467588349998
2025-05-06,281.98,291.7,273.51,287.74,284.48,9221.29920308,0.020221148171671966,0.030572804184791837,78.29095918263795,1.15350530024826
2025-05-07,287.83,292.0,278.41,283.19,283.97,12735.31521247,-0.01593924414722432,0.03181697781249993,73.57056729269921,0.8381442184172302
2025-05-08,283.59,305.0,280.86,299.26,293.57,12084.91146625,0.05519471029361044,0.03258391870316621,78.50089683909322,1.350624435070079
2025-05-09,299.25,316.74,290.0,316.73,301.91,16504.98644076,0.056736915173869945,0.03356031439324023,82.35462234064389,1.836804712358665
2025-05-10,316.72,333.18,309.76,325.81,322.12,9031.57669319,0.02826471344486285,0.03336543014179438,83.96358291818837,1.9506798045318505
2025-05-11,325.61,344.38,318.01,332.18,330.55,8635.69731455,0.019362601296846877,0.03333890697486275,84.99712286100959,1.9884922739039754
2025-05-12,332.41,351.16,329.27,337.35,339.67,8781.18895732,0.015443976402581659,0.02588910766614836,85.7971962095859,1.827644320075374
2025-05-13,337.3,345.99,332.26,341.83,339.3,12008.6044677,0.013192570382537105,0.025117793399359285,86.47049718350077,1.6608213580529183
2025-05-14,341.92,349.92,336.99,340.54,342.61,10102.20637788,-0.0037809444634736935,0.025151881197849286,85.21775522126333,1.3601730125354943
2025-05-15,340.64,349.24,326.52,335.7,340.58,9369.71969244,-0.014314689006508733,0.023664753315878487,80.50518478151398,1.028399554443174
2025-05-16,335.85,343.27,331.53,333.8,338.4,4210.19260248,-0.00567589275825448,0.023260481925611504,78.6660728687518,0.8277262239211228
2025-05-17,333.76,340.0,332.67,336.77,336.1,3302.30746621,0.008858193538940939,0.022060267433029513,79.45612229004195,0.8211851130066441
2025-05-18,336.83,345.27,335.0,337.91,340.06,4280.44713693,0.00337938307026049,0.022190824534080823,79.76586506100706,0.7552905386438827
2025-05-19,337.6,342.24,335.97,342.0,340.24,895.96579898,0.012031149225669013,0.02208544293563148,80.87968973257817,0.8325928424687365
