time,open,high,low,close,vwap,volume,count
2025-06-14 08:00:00,315.27,316.95,315.16,316.94,316.12,71.15105061,110
2025-06-14 08:15:00,316.71,317.91,316.71,317.72,317.71,55.35184098,51
2025-06-14 08:30:00,318.04,318.52,318.04,318.11,318.19,6.89161823,27
2025-06-14 08:45:00,318.50,318.60,315.46,315.46,317.81,1.54908301,20
2025-06-14 09:00:00,315.88,316.81,315.08,315.40,315.56,25.70128150,26
2025-06-14 09:15:00,314.93,314.93,313.01,313.40,313.55,60.57857971,124
2025-06-14 09:30:00,312.86,312.88,312.27,312.83,312.78,2.45936162,16
2025-06-14 09:45:00,312.70,313.32,311.28,312.44,311.98,50.14627919,95
2025-06-14 10:00:00,312.26,313.44,311.69,313.00,312.55,82.17386974,83
2025-06-14 10:15:00,313.27,313.47,312.60,313.12,312.91,22.15236188,19
2025-06-14 10:30:00,312.49,313.60,312.49,313.35,313.12,4.47934836,12
2025-06-14 10:45:00,313.29,314.76,313.29,314.76,313.78,6.25715078,18
2025-06-14 11:00:00,314.79,315.99,314.79,315.91,315.82,16.93757236,30
2025-06-14 11:15:00,315.88,315.88,315.19,315.29,315.68,1.44325000,6
2025-06-14 11:30:00,315.54,316.48,315.32,315.38,316.03,12.78050760,22
2025-06-14 11:45:00,314.74,315.35,314.04,314.67,314.43,5.54653060,19
2025-06-14 12:00:00,315.29,315.33,313.55,313.55,313.97,32.13993783,39
2025-06-14 12:15:00,313.51,313.51,312.02,312.13,312.35,10.32397381,35
2025-06-14 12:30:00,312.49,313.56,312.25,313.22,313.08,16.43356480,41
2025-06-14 12:45:00,313.56,314.25,313.26,313.26,313.59,29.98379371,17
2025-06-14 13:00:00,313.74,315.10,313.66,314.83,314.76,8.31986445,27
2025-06-14 13:15:00,315.10,315.51,315.10,315.20,315.23,4.82740369,13
2025-06-14 13:30:00,315.09,315.75,314.12,315.31,315.51,69.84172155,55
2025-06-14 13:45:00,315.44,315.86,315.02,315.70,315.66,21.04324060,24
2025-06-14 14:00:00,315.46,315.51,314.60,315.19,315.06,25.13625071,73
2025-06-14 14:15:00,314.06,314.06,312.22,312.30,312.34,4.59171541,10
2025-06-14 14:30:00,312.68,313.12,312.68,313.06,312.95,9.77156824,20
2025-06-14 14:45:00,312.68,312.95,311.76,312.22,312.18,79.80782764,65
2025-06-14 15:00:00,312.02,313.00,312.02,312.74,312.60,8.37600204,25
2025-06-14 15:15:00,312.71,313.17,311.51,311.51,312.14,19.02491404,40
2025-06-14 15:30:00,311.51,312.13,311.03,312.13,311.40,54.52424899,57
2025-06-14 15:45:00,311.89,311.92,310.51,310.51,311.01,20.01474222,35
2025-06-14 16:00:00,310.76,312.90,310.24,312.24,311.74,54.46269649,46
2025-06-14 16:15:00,312.23,314.28,312.23,314.28,313.69,53.99717976,52
2025-06-14 16:30:00,313.97,313.97,311.98,312.00,312.71,9.95526452,23
2025-06-14 16:45:00,311.79,312.11,308.81,310.07,309.71,49.92542901,52
2025-06-14 17:00:00,310.11,312.14,309.56,311.79,310.67,13.22528855,30
2025-06-14 17:15:00,312.52,313.82,311.33,313.56,313.37,15.83789000,34
2025-06-14 17:30:00,312.90,312.90,310.40,310.40,312.09,5.49383663,15
2025-06-14 17:45:00,311.32,311.59,309.89,309.89,311.07,13.35173184,30
2025-06-14 18:00:00,310.26,313.20,309.82,313.20,311.06,9.61892065,17
2025-06-14 18:15:00,312.64,312.64,310.85,310.85,311.77,36.08959218,76
2025-06-14 18:30:00,311.29,311.64,309.55,309.55,310.22,24.47766187,53
2025-06-14 18:45:00,309.35,311.02,309.35,310.57,310.59,14.82974557,20
2025-06-14 19:00:00,310.29,310.32,309.35,310.32,309.72,15.11999194,46
2025-06-14 19:15:00,310.44,310.44,309.46,309.80,309.83,2.43319183,10
2025-06-14 19:30:00,309.87,312.08,309.54,311.60,311.44,50.65441169,91
2025-06-14 19:45:00,311.75,312.41,311.31,312.33,312.29,10.21293902,34
2025-06-14 20:00:00,311.61,311.75,309.08,309.72,309.77,31.93479303,30
2025-06-14 20:15:00,309.44,310.37,308.28,308.77,308.72,40.88764264,67
2025-06-14 20:30:00,308.29,308.29,307.48,307.95,308.21,12.69439679,25
2025-06-14 20:45:00,308.49,308.94,307.81,308.51,308.80,5.27101682,16
2025-06-14 21:00:00,308.51,309.80,308.10,309.61,308.57,60.17204159,64
2025-06-14 21:15:00,309.60,311.97,309.00,311.97,309.53,64.18300125,84
2025-06-14 21:30:00,311.87,313.06,311.87,313.02,312.32,12.16707198,17
2025-06-14 21:45:00,313.43,313.43,312.63,312.63,312.91,10.22237886,10
2025-06-14 22:00:00,312.89,313.85,311.98,311.98,313.35,20.39290623,15
2025-06-14 22:15:00,312.32,312.32,311.01,311.01,312.24,32.71801690,11
2025-06-14 22:30:00,311.23,311.23,310.20,310.20,310.60,118.88485975,56
2025-06-14 22:45:00,310.15,310.75,310.15,310.23,310.69,15.68066342,19
2025-06-14 23:00:00,310.56,311.97,310.56,311.60,311.45,7.23205705,16
2025-06-14 23:15:00,311.65,313.21,311.65,312.43,312.43,6.75366737,14
2025-06-14 23:30:00,312.61,313.51,312.45,313.51,312.84,26.71820202,19
2025-06-14 23:45:00,313.61,313.71,312.23,312.48,312.89,22.99985076,25
2025-06-15 00:00:00,312.43,312.47,311.83,312.00,312.35,2.59485910,9
2025-06-15 00:15:00,312.00,312.23,311.80,311.99,312.03,105.06392865,78
2025-06-15 00:30:00,311.86,312.19,311.72,312.17,312.01,13.47502263,17
2025-06-15 00:45:00,312.24,312.43,312.21,312.21,312.28,3.54877000,6
2025-06-15 01:00:00,312.13,312.13,311.41,311.92,311.60,19.33786250,23
2025-06-15 01:15:00,312.12,312.34,311.48,311.48,312.09,71.70571506,27
2025-06-15 01:30:00,311.38,311.92,310.72,311.92,311.34,9.85752660,21
2025-06-15 01:45:00,311.70,313.93,311.70,313.79,313.14,25.71120467,54
2025-06-15 02:00:00,313.55,314.98,313.55,314.15,314.24,64.82249621,50
2025-06-15 02:15:00,313.86,313.86,312.63,312.63,313.39,2.38040931,8
2025-06-15 02:30:00,312.53,313.35,312.53,313.35,313.01,5.71420817,16
2025-06-15 02:45:00,312.84,314.21,312.68,314.02,313.30,11.42625770,42
2025-06-15 03:00:00,314.07,314.15,313.49,313.49,313.65,4.26405000,10
2025-06-15 03:15:00,314.51,314.99,314.13,314.99,314.77,7.21125415,15
2025-06-15 03:30:00,314.98,315.99,314.59,315.98,315.33,54.98137016,77
2025-06-15 03:45:00,315.99,316.70,315.79,316.38,316.33,34.49891709,57
2025-06-15 04:00:00,316.66,316.76,316.14,316.20,316.46,15.12970438,29
2025-06-15 04:15:00,316.20,316.20,314.54,315.55,315.14,23.50096148,39
2025-06-15 04:30:00,315.34,315.39,315.03,315.03,315.29,3.36011919,7
2025-06-15 04:45:00,315.38,315.85,315.33,315.35,315.44,5.36477000,12
2025-06-15 05:00:00,315.32,316.90,315.12,316.68,315.60,61.25431396,88
2025-06-15 05:15:00,316.54,316.99,315.86,316.99,316.26,23.45104521,17
2025-06-15 05:30:00,316.84,317.10,316.76,317.09,317.02,37.44541242,47
2025-06-15 05:45:00,317.10,317.10,316.58,316.80,317.05,81.15112803,47
2025-06-15 06:00:00,316.50,316.69,315.15,315.67,316.09,8.94340709,11
2025-06-15 06:15:00,315.78,315.78,315.05,315.56,315.32,9.64139550,34
2025-06-15 06:30:00,315.44,315.78,315.44,315.74,315.75,0.37430556,3
2025-06-15 06:45:00,315.30,317.07,315.30,316.92,316.46,16.21180355,55
2025-06-15 07:00:00,316.98,317.01,314.77,315.38,315.76,19.17435535,33
2025-06-15 07:15:00,315.87,317.08,315.87,316.52,316.40,20.48601454,54
2025-06-15 07:30:00,316.52,317.07,316.08,316.71,316.83,6.67009715,18
2025-06-15 07:45:00,317.10,317.11,316.98,317.11,317.09,19.54065000,39
2025-06-15 08:00:00,317.11,318.00,316.86,317.13,317.75,39.16903608,83
2025-06-15 08:15:00,317.25,317.98,317.25,317.68,317.66,7.04483487,18
2025-06-15 08:30:00,317.84,318.32,317.69,318.02,318.04,1.09643517,9
2025-06-15 08:45:00,317.12,317.32,316.35,316.57,316.95,7.46974157,21
2025-06-15 09:00:00,316.65,316.79,316.04,316.79,316.33,4.23945840,17
2025-06-15 09:15:00,316.46,317.32,316.32,317.32,317.08,39.98348236,26
2025-06-15 09:30:00,317.24,317.96,316.96,317.96,317.46,4.20462091,16
2025-06-15 09:45:00,317.69,317.76,316.31,316.52,316.93,6.86953998,30
2025-06-15 10:00:00,316.31,316.50,315.09,316.34,315.90,30.79439551,39
2025-06-15 10:15:00,316.00,316.00,315.96,315.96,315.99,1.00421220,2
2025-06-15 10:30:00,315.17,315.18,314.18,314.57,314.36,5.11140616,9
2025-06-15 10:45:00,314.50,315.63,314.50,314.60,315.00,83.98091821,48
2025-06-15 11:00:00,315.49,316.97,315.46,316.97,316.36,8.58330267,22
2025-06-15 11:15:00,315.96,316.35,315.08,315.08,315.89,7.03283000,20
2025-06-15 11:30:00,315.38,315.41,315.09,315.24,315.26,3.49241437,7
2025-06-15 11:45:00,315.48,315.79,315.48,315.75,315.69,0.99153464,6
2025-06-15 12:00:00,316.00,317.88,315.76,317.84,316.87,12.96590622,26
2025-06-15 12:15:00,317.77,318.94,317.75,318.94,318.33,30.19865270,38
2025-06-15 12:30:00,318.76,318.78,318.62,318.62,318.77,2.89108000,5
2025-06-15 12:45:00,318.15,318.77,317.42,317.72,317.98,48.08338714,50
2025-06-15 13:00:00,317.87,317.87,317.04,317.50,317.51,8.33965218,17
2025-06-15 13:15:00,317.37,317.96,316.92,316.92,317.30,24.43227956,30
2025-06-15 13:30:00,317.32,317.58,316.60,316.87,317.21,1.98766240,8
2025-06-15 13:45:00,317.31,317.39,316.97,317.15,317.20,2.09413590,5
2025-06-15 14:00:00,317.66,318.73,317.66,318.70,318.11,2.14761952,9
2025-06-15 14:15:00,318.49,318.99,317.97,318.99,318.38,10.57610951,26
2025-06-15 14:30:00,318.42,318.64,317.57,318.64,318.02,9.92957839,34
2025-06-15 14:45:00,318.89,318.89,317.68,317.68,317.90,19.13819031,16
2025-06-15 15:00:00,318.32,318.49,318.08,318.20,318.27,11.78033699,14
2025-06-15 15:15:00,318.73,318.73,318.33,318.64,318.52,8.14117270,15
2025-06-15 15:30:00,318.99,318.99,318.66,318.96,318.86,2.70930742,24
2025-06-15 15:45:00,318.97,318.99,318.37,318.73,318.57,7.03717130,28
2025-06-15 16:00:00,318.75,318.75,314.59,314.59,315.08,20.01813748,29
2025-06-15 16:15:00,314.63,315.92,314.59,315.92,314.99,16.10239179,49
2025-06-15 16:30:00,316.00,316.34,315.48,316.34,315.82,3.00160165,21
2025-06-15 16:45:00,316.56,316.89,315.95,316.82,316.62,29.80298227,30
2025-06-15 17:00:00,316.42,316.42,315.43,315.73,315.80,34.98024462,31
2025-06-15 17:15:00,315.73,317.27,315.73,317.27,316.70,5.13663174,15
2025-06-15 17:30:00,316.97,317.13,315.52,315.52,316.65,5.77851678,21
2025-06-15 17:45:00,315.42,315.75,314.51,314.51,315.02,64.26997586,51
2025-06-15 18:00:00,315.02,315.24,313.54,313.54,314.41,84.24502027,55
2025-06-15 18:15:00,313.58,313.58,313.00,313.02,313.25,29.04558345,50
2025-06-15 18:30:00,313.17,313.44,312.71,312.96,313.05,11.65578580,21
2025-06-15 18:45:00,313.08,313.08,312.52,312.78,312.66,10.54019520,13
2025-06-15 19:00:00,312.96,314.79,312.76,314.79,314.41,4.99629619,17
2025-06-15 19:15:00,314.99,315.68,312.77,313.65,313.04,108.97596556,35
2025-06-15 19:30:00,313.92,313.92,312.77,312.90,313.20,13.20678484,21
2025-06-15 19:45:00,313.00,313.00,311.51,311.51,312.41,57.50984740,56
2025-06-15 20:00:00,311.52,311.83,311.47,311.83,311.66,91.66221386,59
2025-06-15 20:15:00,311.83,312.06,311.30,311.59,311.45,1.95742220,16
2025-06-15 20:30:00,311.64,312.88,311.64,312.59,312.28,5.99955335,17
2025-06-15 20:45:00,312.47,312.90,312.47,312.84,312.53,28.20693131,19
2025-06-15 21:00:00,312.86,313.31,311.39,311.39,311.88,107.46966226,52
2025-06-15 21:15:00,312.14,312.96,311.85,312.96,312.39,6.28780000,17
2025-06-15 21:30:00,312.80,313.13,312.80,312.90,312.95,4.24367013,13
2025-06-15 21:45:00,313.10,313.76,312.80,313.32,313.48,4.11523774,18
2025-06-15 22:00:00,313.72,314.46,313.72,314.30,314.02,4.16753943,9
2025-06-15 22:15:00,314.35,315.33,313.92,314.59,314.60,27.46330228,39
2025-06-15 22:30:00,314.25,314.29,312.94,313.39,313.53,176.69288751,44
2025-06-15 22:45:00,312.95,314.15,312.87,313.97,313.20,7.86567324,13
2025-06-15 23:00:00,314.00,315.47,313.99,315.21,314.83,38.36803662,59
2025-06-15 23:15:00,315.00,315.49,314.17,314.38,314.83,20.66521387,35
2025-06-15 23:30:00,314.69,315.79,314.69,315.47,315.43,11.75193352,23
2025-06-15 23:45:00,315.69,315.98,314.54,314.56,315.23,13.45710221,20
2025-06-16 00:00:00,314.46,315.39,314.43,315.23,315.08,16.55421343,17
2025-06-16 00:15:00,314.93,315.59,314.51,315.41,314.87,27.67832407,35
2025-06-16 00:30:00,315.01,315.99,314.96,315.99,315.62,4.15852651,13
2025-06-16 00:45:00,315.93,315.99,315.72,315.99,315.97,12.28064314,17
2025-06-16 01:00:00,316.01,316.18,315.16,315.65,315.68,5.99561244,21
2025-06-16 01:15:00,315.52,316.10,315.52,315.87,315.96,25.40660000,19
2025-06-16 01:30:00,315.80,316.16,315.22,315.90,315.59,5.84356499,15
2025-06-16 01:45:00,316.17,316.99,316.17,316.94,316.54,14.26201100,28
2025-06-16 02:00:00,316.98,317.12,314.99,315.54,315.18,357.24714640,267
2025-06-16 02:15:00,316.29,316.52,315.56,315.57,316.21,31.94461648,29
2025-06-16 02:30:00,315.58,316.14,315.34,316.14,315.60,8.32641209,36
2025-06-16 02:45:00,316.02,316.16,315.00,315.27,315.20,106.45038501,113
2025-06-16 03:00:00,315.21,315.21,313.91,314.53,314.45,19.25195849,35
2025-06-16 03:15:00,314.25,315.03,314.15,315.03,314.53,37.73620866,31
2025-06-16 03:30:00,315.38,315.46,314.52,315.25,314.77,7.47134591,21
2025-06-16 03:45:00,315.25,315.38,313.00,314.35,313.92,374.79324709,125
2025-06-16 04:00:00,314.35,315.81,314.12,315.81,315.39,1.07426904,12
2025-06-16 04:15:00,315.83,316.50,315.75,315.75,316.23,10.48830736,17
2025-06-16 04:30:00,316.49,317.44,316.49,317.44,317.01,27.99304717,33
2025-06-16 04:45:00,317.45,317.95,317.22,317.37,317.64,36.50785895,48
2025-06-16 05:00:00,317.35,317.35,316.81,317.04,317.01,14.06649330,13
2025-06-16 05:15:00,317.04,317.88,316.87,317.81,317.13,9.30545200,31
2025-06-16 05:30:00,317.73,317.73,317.18,317.43,317.44,5.43606696,7
2025-06-16 05:45:00,317.38,317.53,317.16,317.16,317.40,15.40252985,15
2025-06-16 06:00:00,317.37,317.92,317.37,317.82,317.63,5.63902399,15
2025-06-16 06:15:00,317.83,317.99,317.63,317.63,317.76,5.41412563,9
2025-06-16 06:30:00,317.61,317.62,316.43,316.43,317.27,14.74722204,31
2025-06-16 06:45:00,316.83,316.83,314.95,315.16,315.28,44.21809191,33
2025-06-16 07:00:00,315.23,315.71,315.23,315.71,315.62,7.20372617,11
2025-06-16 07:15:00,316.26,317.41,314.43,317.41,315.17,143.45702107,51
2025-06-16 07:30:00,317.80,318.49,317.73,317.98,318.15,25.74328438,29
2025-06-16 07:45:00,318.39,318.42,317.50,317.50,318.29,5.27687000,8
2025-06-16 08:00:00,316.87,317.27,316.72,317.09,316.92,7.74245328,18
2025-06-16 08:15:00,316.95,316.95,315.79,315.79,316.28,7.04633015,10
2025-06-16 08:30:00,315.78,315.78,314.05,314.19,314.87,15.03967023,37
2025-06-16 08:45:00,314.25,314.82,314.05,314.82,314.40,4.99970554,17
2025-06-16 09:00:00,314.84,316.02,314.73,316.01,315.33,88.12480890,48
2025-06-16 09:15:00,315.91,316.69,315.88,316.57,316.27,25.38538269,55
2025-06-16 09:30:00,316.70,317.01,315.82,316.99,316.56,9.84415286,20
2025-06-16 09:45:00,316.88,321.95,316.14,321.81,319.79,180.43061065,355
2025-06-16 10:00:00,321.80,322.48,320.32,321.64,321.65,171.26612749,157
2025-06-16 10:15:00,321.71,321.71,320.07,320.61,320.90,36.93659802,49
2025-06-16 10:30:00,320.23,321.23,320.23,321.18,320.89,26.62797585,32
2025-06-16 10:45:00,321.53,321.53,320.15,320.27,320.70,20.70929426,38
2025-06-16 11:00:00,320.21,320.21,318.47,319.07,319.70,11.31851670,23
2025-06-16 11:15:00,319.16,319.66,317.51,318.18,318.73,35.79135679,68
2025-06-16 11:30:00,318.59,319.82,318.59,319.69,319.47,5.02960714,15
2025-06-16 11:45:00,319.65,319.65,318.50,319.50,319.10,87.37707775,31
2025-06-16 12:00:00,319.39,319.95,317.12,317.46,317.65,84.48243321,84
2025-06-16 12:15:00,317.18,317.18,315.90,315.90,316.51,31.42527238,22
2025-06-16 12:30:00,315.85,318.04,315.62,318.04,316.69,36.02082661,29
2025-06-16 12:45:00,318.56,319.30,318.56,318.81,318.90,13.61679589,26
2025-06-16 13:00:00,318.84,318.84,316.96,317.30,318.09,161.02476425,136
2025-06-16 13:15:00,317.79,319.22,317.79,319.22,318.76,8.25562235,19
2025-06-16 13:30:00,318.97,320.98,318.93,320.98,319.66,67.49374442,95
2025-06-16 13:45:00,320.98,321.32,319.87,321.32,320.47,133.19075035,111
2025-06-16 14:00:00,321.33,321.99,320.80,321.99,321.48,161.28290165,174
2025-06-16 14:15:00,321.91,322.27,321.36,321.57,321.96,26.88225862,35
2025-06-16 14:30:00,322.03,322.72,321.86,321.98,322.40,46.69217411,53
2025-06-16 14:45:00,321.92,322.39,321.03,321.03,321.83,48.25750332,48
2025-06-16 15:00:00,321.27,321.81,319.57,319.57,321.01,63.77135951,89
2025-06-16 15:15:00,320.08,320.50,318.72,318.87,319.35,42.32440923,68
2025-06-16 15:30:00,319.60,319.83,318.52,318.52,318.97,22.47569306,42
2025-06-16 15:45:00,319.00,319.84,319.00,319.59,319.66,29.81299320,47
2025-06-16 16:00:00,319.45,320.53,319.11,319.13,319.87,50.83337310,95
2025-06-16 16:15:00,319.87,320.59,319.05,320.59,319.62,15.58190637,23
2025-06-16 16:30:00,320.96,322.61,320.96,322.18,322.04,23.41436583,46
2025-06-16 16:45:00,322.24,323.99,322.19,323.69,322.98,86.97578622,146
2025-06-16 17:00:00,323.88,326.00,323.73,326.00,325.19,276.54391925,199
2025-06-16 17:15:00,326.00,326.35,325.29,326.22,325.93,407.48758074,242
2025-06-16 17:30:00,326.21,326.53,326.00,326.10,326.30,53.64338757,43
2025-06-16 17:45:00,326.13,326.24,324.78,324.78,325.46,32.12743493,52
2025-06-16 18:00:00,324.75,326.41,324.75,325.82,325.41,41.61546967,44
2025-06-16 18:15:00,325.81,325.86,323.95,325.57,324.80,108.60579765,146
2025-06-16 18:30:00,324.55,325.83,324.16,324.92,325.18,37.95323743,52
2025-06-16 18:45:00,325.33,326.67,324.51,326.49,325.28,19.78803404,57
2025-06-16 19:00:00,326.33,328.49,326.04,328.44,327.19,96.33933137,136
2025-06-16 19:15:00,328.45,331.82,328.45,331.82,330.29,146.84100699,242
2025-06-16 19:30:00,331.81,331.99,327.69,330.41,330.15,77.65535939,120
2025-06-16 19:45:00,330.16,331.91,330.16,331.46,330.95,25.85248205,81
2025-06-16 20:00:00,331.79,331.99,330.31,331.50,330.82,58.75083327,90
2025-06-16 20:15:00,331.23,331.23,327.81,328.21,329.10,37.10053026,49
2025-06-16 20:30:00,328.06,329.68,327.94,328.99,328.66,15.72906548,46
2025-06-16 20:45:00,328.84,329.53,328.39,328.39,328.76,20.67832883,34
2025-06-16 21:00:00,328.50,328.50,327.62,328.13,328.10,66.13323283,43
2025-06-16 21:15:00,328.45,328.50,327.69,328.50,328.14,31.67580554,42
2025-06-16 21:30:00,327.51,328.38,327.51,328.36,327.93,9.12581941,16
2025-06-16 21:45:00,328.35,328.37,327.21,327.55,327.83,28.30805363,35
2025-06-16 22:00:00,327.20,328.49,327.20,328.15,328.23,8.07802915,23
2025-06-16 22:15:00,328.22,328.48,327.22,327.66,327.86,8.72934742,24
2025-06-16 22:30:00,327.37,327.39,324.01,324.01,325.72,142.42306576,108
2025-06-16 22:45:00,324.01,324.01,323.01,323.74,323.33,38.63654492,58
2025-06-16 23:00:00,323.49,325.24,323.40,325.24,324.55,14.08685189,33
2025-06-16 23:15:00,325.63,325.75,323.22,323.78,325.18,22.33263675,35
2025-06-16 23:30:00,323.74,323.86,322.65,323.36,323.07,19.09316198,37
2025-06-16 23:45:00,323.03,323.55,321.77,321.77,322.53,37.35999025,69
2025-06-17 00:00:00,321.66,321.66,319.48,319.92,320.64,86.56118739,109
2025-06-17 00:15:00,319.58,323.21,319.58,322.75,322.19,64.68719119,73
2025-06-17 00:30:00,323.08,323.45,320.34,320.34,322.14,14.74714774,51
2025-06-17 00:45:00,320.35,323.49,320.35,323.49,322.82,12.54465739,35
2025-06-17 01:00:00,323.49,323.99,323.49,323.88,323.79,16.91391990,27
2025-06-17 01:15:00,323.67,325.14,323.67,325.13,324.52,51.68892558,73
2025-06-17 01:30:00,325.08,325.43,324.90,325.22,325.02,13.02665728,19
2025-06-17 01:45:00,324.06,325.35,323.23,324.39,324.13,29.71256772,50
2025-06-17 02:00:00,324.39,324.39,323.02,323.02,323.53,15.24014478,26
2025-06-17 02:15:00,323.28,323.28,322.24,322.91,322.73,3.18976389,14
2025-06-17 02:30:00,323.19,324.17,321.69,324.00,323.14,28.32550123,68
2025-06-17 02:45:00,324.12,325.48,323.55,324.48,324.61,36.25153454,68
2025-06-17 03:00:00,324.24,326.99,324.14,326.99,325.87,62.27075694,167
2025-06-17 03:15:00,326.78,327.85,326.64,326.64,327.24,15.04686646,59
2025-06-17 03:30:00,326.12,326.66,325.68,326.28,326.24,23.50116393,44
2025-06-17 03:45:00,325.96,326.21,323.78,324.13,325.02,31.50112483,62
2025-06-17 04:00:00,324.46,325.28,323.77,323.92,324.57,35.09936298,63
2025-06-17 04:15:00,323.73,323.73,321.25,321.55,322.36,78.90201096,105
2025-06-17 04:30:00,322.12,322.97,321.01,322.97,321.89,17.93703476,35
2025-06-17 04:45:00,323.19,326.91,323.19,326.43,325.46,41.32387146,98
2025-06-17 05:00:00,326.64,326.97,326.07,326.62,326.31,7.57442455,33
2025-06-17 05:15:00,326.40,326.69,324.98,325.53,325.41,21.30476370,33
2025-06-17 05:30:00,324.99,326.80,324.99,326.80,326.34,8.13921301,18
2025-06-17 05:45:00,326.29,326.29,324.65,325.24,325.85,9.42249000,19
2025-06-17 06:00:00,324.84,325.58,324.38,325.20,325.02,3.66668000,18
2025-06-17 06:15:00,325.29,325.61,324.63,324.63,324.86,6.05642565,12
2025-06-17 06:30:00,324.35,324.44,323.89,324.44,324.26,1.76352016,9
2025-06-17 06:45:00,324.23,324.80,323.88,324.80,324.15,11.05178361,20
2025-06-17 07:00:00,324.88,325.99,324.88,325.42,325.80,16.90957012,34
2025-06-17 07:15:00,325.91,325.93,325.06,325.86,325.52,3.40232123,10
2025-06-17 07:30:00,325.99,327.78,325.98,327.78,326.21,189.95234759,109
2025-06-17 07:45:00,327.72,329.12,327.72,329.12,328.52,54.78093357,103
2025-06-17 08:00:00,328.70,328.99,327.86,328.00,328.22,11.50282754,15
2025-06-17 08:15:00,328.00,329.48,328.00,329.21,328.67,41.20912123,90
2025-06-17 08:30:00,329.30,329.49,327.94,328.74,328.90,36.59857759,44
2025-06-17 08:45:00,328.92,329.99,328.92,329.99,329.45,31.24070008,22
2025-06-17 09:00:00,328.58,329.38,328.16,328.28,328.63,15.71638955,34
2025-06-17 09:15:00,328.06,328.65,327.17,328.35,327.66,32.59814754,38
2025-06-17 09:30:00,328.74,329.21,327.11,327.17,328.48,56.80116809,52
2025-06-17 09:45:00,327.65,328.09,327.19,327.77,327.75,10.36909094,22
2025-06-17 10:00:00,327.22,327.22,325.51,325.57,326.16,20.80083116,60
2025-06-17 10:15:00,325.51,325.51,323.51,323.84,324.32,108.99476364,109
2025-06-17 10:30:00,323.72,323.72,322.69,323.36,323.18,22.16126664,38
2025-06-17 10:45:00,323.43,325.54,323.43,325.54,325.20,20.18885746,23
2025-06-17 11:00:00,325.54,327.47,325.54,327.02,326.72,91.73180773,113
2025-06-17 11:15:00,326.64,327.49,325.71,327.09,326.95,42.16151736,60
2025-06-17 11:30:00,326.76,326.76,325.05,325.29,326.36,13.67121114,40
2025-06-17 11:45:00,325.08,326.01,324.20,324.20,325.41,12.99611734,36
2025-06-17 12:00:00,323.98,325.95,323.97,324.29,324.92,41.62693104,53
2025-06-17 12:15:00,324.51,325.35,323.56,324.30,324.42,33.62757375,48
2025-06-17 12:30:00,324.51,324.56,323.36,324.25,323.98,17.67234232,34
2025-06-17 12:45:00,324.45,324.90,323.23,323.23,324.14,34.49614630,51
2025-06-17 13:00:00,323.36,324.69,323.35,324.15,324.05,73.53346198,85
2025-06-17 13:15:00,324.27,324.27,323.54,323.60,323.94,4.34023248,16
2025-06-17 13:30:00,323.72,324.11,322.53,322.53,323.60,39.58815695,44
2025-06-17 13:45:00,322.51,323.46,322.10,323.34,322.77,19.55827896,21
2025-06-17 14:00:00,323.63,325.88,323.22,325.88,324.61,35.26524125,62
2025-06-17 14:15:00,325.81,325.97,324.64,324.64,325.60,18.53637673,31
2025-06-17 14:30:00,325.34,326.49,325.01,326.05,325.81,66.88952476,99
2025-06-17 14:45:00,326.21,329.97,326.21,329.70,328.40,206.45009252,180
2025-06-17 15:00:00,329.58,329.81,325.00,325.00,326.27,168.62654450,187
2025-06-17 15:15:00,324.99,325.00,323.08,324.35,324.25,71.80805618,88
2025-06-17 15:30:00,323.93,326.21,323.93,324.83,325.08,81.56383070,105
2025-06-17 15:45:00,325.00,325.60,323.99,324.64,324.64,110.18304857,81
2025-06-17 16:00:00,324.92,325.30,323.06,323.76,324.06,55.41477247,70
2025-06-17 16:15:00,324.18,325.07,323.02,324.43,323.69,56.42712813,80
2025-06-17 16:30:00,324.15,326.34,323.84,324.89,325.09,16.05300089,29
2025-06-17 16:45:00,325.38,325.38,322.11,322.82,323.09,71.62757208,239
2025-06-17 17:00:00,322.87,323.11,317.51,317.86,319.79,202.19035315,205
2025-06-17 17:15:00,317.86,321.40,317.86,321.35,320.27,56.26887622,54
2025-06-17 17:30:00,321.38,322.08,318.02,318.02,319.56,177.75264617,86
2025-06-17 17:45:00,318.37,319.30,316.75,318.59,317.41,90.57544447,102
2025-06-17 18:00:00,317.48,319.52,317.48,318.93,318.56,68.99970881,65
2025-06-17 18:15:00,318.75,320.96,318.71,319.85,319.74,23.51796357,47
2025-06-17 18:30:00,319.96,321.99,319.21,321.82,320.49,66.81330043,92
2025-06-17 18:45:00,321.94,321.97,320.82,320.82,321.33,17.05402057,36
2025-06-17 19:00:00,321.81,322.27,320.27,320.27,321.68,18.67929237,18
2025-06-17 19:15:00,320.79,322.52,320.61,322.43,322.14,16.07069993,20
2025-06-17 19:30:00,322.16,322.99,322.16,322.35,322.42,19.72427146,23
2025-06-17 19:45:00,322.35,324.49,322.35,322.84,323.53,40.94250465,73
2025-06-17 20:00:00,322.73,322.97,319.51,320.60,321.06,285.59696546,122
2025-06-17 20:15:00,320.77,321.22,320.19,321.10,320.81,6.73435874,14
2025-06-17 20:30:00,321.94,322.05,320.30,320.30,320.96,39.86006606,46
2025-06-17 20:45:00,320.58,320.58,319.45,319.95,319.61,10.06695170,22
2025-06-17 21:00:00,320.24,320.92,319.85,320.67,320.05,18.49930166,35
2025-06-17 21:15:00,320.80,321.95,320.40,320.68,321.41,39.16609559,56
2025-06-17 21:30:00,320.69,322.37,320.42,320.42,321.27,20.75019858,22
2025-06-17 21:45:00,320.41,321.55,320.39,321.48,321.04,7.67377920,13
2025-06-17 22:00:00,321.50,321.51,320.69,320.69,321.50,105.31439900,113
2025-06-17 22:15:00,320.98,321.51,320.14,320.64,320.77,30.68146781,57
2025-06-17 22:30:00,320.85,321.02,320.13,320.83,320.56,7.74423129,18
2025-06-17 22:45:00,320.53,320.95,319.73,319.73,320.31,2.98209000,5
2025-06-17 23:00:00,319.73,319.92,319.32,319.92,319.77,11.81943835,17
2025-06-17 23:15:00,319.45,320.55,319.27,320.38,319.91,5.24274596,21
2025-06-17 23:30:00,320.24,320.53,320.24,320.53,320.38,6.99462829,21
2025-06-17 23:45:00,320.32,320.50,319.50,319.69,320.10,9.25941119,23
2025-06-18 00:00:00,319.87,320.85,319.63,320.85,320.32,6.50720000,24
2025-06-18 00:15:00,320.85,320.85,318.51,318.63,319.98,152.19757181,130
2025-06-18 00:30:00,318.52,320.02,318.52,319.99,319.65,5.62350476,18
2025-06-18 00:45:00,319.96,320.42,319.27,320.42,319.80,19.11878050,21
2025-06-18 01:00:00,319.84,321.50,319.36,320.99,320.32,128.54561345,122
2025-06-18 01:15:00,321.03,321.41,320.97,320.97,321.22,17.38302650,20
2025-06-18 01:30:00,321.17,321.46,321.15,321.44,321.42,8.54608520,16
2025-06-18 01:45:00,320.97,321.51,320.83,321.42,321.45,194.54019126,141
2025-06-18 02:00:00,321.30,322.08,321.30,322.05,321.61,103.16063000,132
2025-06-18 02:15:00,321.78,322.98,321.28,322.29,322.56,87.86611408,65
2025-06-18 02:30:00,322.15,322.15,321.18,321.19,321.57,2.98184023,10
2025-06-18 02:45:00,321.19,321.73,321.19,321.73,321.44,5.47479481,11
2025-06-18 03:00:00,321.73,322.71,321.73,322.52,322.34,14.93400542,28
2025-06-18 03:15:00,322.86,324.49,322.42,324.49,323.77,139.14040697,148
2025-06-18 03:30:00,324.35,324.49,323.87,323.87,324.29,25.64464250,31
2025-06-18 03:45:00,322.93,322.97,321.91,321.91,322.59,8.51139671,20
2025-06-18 04:00:00,321.99,322.54,320.84,322.26,321.61,17.50101452,47
2025-06-18 04:15:00,322.09,322.17,320.83,320.94,321.07,13.02165063,27
2025-06-18 04:30:00,320.83,321.62,320.79,321.62,321.34,39.27476523,46
2025-06-18 04:45:00,321.92,322.45,321.76,322.40,322.24,6.72035173,27
2025-06-18 05:00:00,322.54,322.56,320.84,320.84,321.61,10.46129152,22
2025-06-18 05:15:00,321.35,323.54,321.35,323.42,322.21,22.51807947,50
2025-06-18 05:30:00,323.43,324.69,323.42,323.94,324.26,25.85327726,32
2025-06-18 05:45:00,323.98,325.49,323.91,325.20,324.82,23.59182754,56
2025-06-18 06:00:00,324.89,324.89,324.24,324.32,324.37,1.94512000,6
2025-06-18 06:15:00,324.77,324.77,324.30,324.30,324.36,2.16209516,6
2025-06-18 06:30:00,324.27,324.86,323.33,323.51,324.15,12.85206153,33
2025-06-18 06:45:00,323.47,323.67,322.96,323.20,323.15,1.71328587,12
2025-06-18 07:00:00,323.56,324.14,323.32,324.14,323.60,2.82422047,24
2025-06-18 07:15:00,324.46,324.96,323.78,323.78,324.51,14.89264988,27
2025-06-18 07:30:00,323.98,326.28,323.98,325.33,325.04,75.94526295,141
2025-06-18 07:45:00,325.08,326.27,325.08,326.25,325.61,44.75279289,88
2025-06-18 08:00:00,326.29,326.49,325.32,326.33,326.24,16.99493335,26
2025-06-18 08:15:00,326.28,329.22,326.11,328.37,327.83,1367.93284279,867
2025-06-18 08:30:00,327.79,334.12,327.70,334.09,332.14,4266.89163009,1800
2025-06-18 08:45:00,334.09,334.10,330.65,331.24,333.59,270.94921910,83
2025-06-18 09:00:00,330.72,331.29,329.02,329.15,329.95,91.95744065,174
2025-06-18 09:15:00,329.06,329.21,326.51,326.63,327.94,198.92970402,331
2025-06-18 09:30:00,326.60,327.44,325.51,326.06,326.32,40.70981046,97
2025-06-18 09:45:00,325.86,326.31,325.86,326.31,326.10,11.00376090,14
2025-06-18 10:00:00,325.77,327.81,325.65,327.81,325.97,21.08258108,28
2025-06-18 10:15:00,327.39,327.55,324.90,326.21,325.76,46.63253176,61
2025-06-18 10:30:00,325.71,327.14,325.57,327.14,326.46,19.29989539,22
2025-06-18 10:45:00,325.80,326.25,324.30,324.30,325.29,28.92072571,48
2025-06-18 11:00:00,324.55,325.28,324.26,324.86,324.62,20.72277437,40
2025-06-18 11:15:00,324.96,325.67,324.32,325.25,324.69,30.55768691,34
2025-06-18 11:30:00,325.53,325.53,321.35,322.07,323.31,112.46377158,164
2025-06-18 11:45:00,322.75,323.00,321.01,322.26,321.70,64.90512751,121
2025-06-18 12:00:00,322.31,322.31,320.92,320.92,321.39,38.68562319,55
2025-06-18 12:15:00,321.48,321.77,319.01,319.01,319.92,116.68149869,200
2025-06-18 12:30:00,319.91,320.05,319.88,319.89,319.88,4.58173611,10
2025-06-18 12:45:00,320.11,321.15,319.01,319.95,319.72,53.44882205,103
2025-06-18 13:00:00,320.10,320.67,319.20,319.58,319.58,46.92436240,70
2025-06-18 13:15:00,319.56,319.69,319.01,319.01,319.20,41.42507325,90
2025-06-18 13:30:00,319.02,319.70,319.01,319.01,319.23,160.29954882,358
2025-06-18 13:45:00,319.01,320.34,318.52,318.75,319.14,178.69391394,247
2025-06-18 14:00:00,318.95,320.26,318.01,320.26,318.69,39.54728358,66
2025-06-18 14:15:00,320.27,322.48,320.27,322.31,321.71,13.73148951,45
2025-06-18 14:30:00,322.30,322.68,321.78,322.67,322.25,22.01313086,21
2025-06-18 14:45:00,322.68,322.87,320.97,321.67,321.37,44.20391127,197
2025-06-18 15:00:00,321.33,322.20,320.34,320.56,321.45,8.20737216,42
2025-06-18 15:15:00,320.90,322.70,320.26,322.70,321.34,17.29917703,29
2025-06-18 15:30:00,322.32,322.54,321.29,322.10,321.89,4.37058746,11
2025-06-18 15:45:00,321.60,322.02,320.92,321.09,321.23,15.61996152,32
2025-06-18 16:00:00,321.23,322.81,320.76,322.81,321.34,5.25269965,20
2025-06-18 16:15:00,322.53,322.93,320.98,321.07,321.97,95.33863909,89
2025-06-18 16:30:00,321.04,321.53,320.00,320.00,320.53,12.68912077,43
2025-06-18 16:45:00,320.01,320.96,319.42,320.96,320.15,31.16961737,38
2025-06-18 17:00:00,321.56,322.36,320.18,321.85,320.93,29.93151001,60
2025-06-18 17:15:00,321.96,322.40,320.96,321.03,321.91,11.80396967,29
2025-06-18 17:30:00,320.25,321.05,320.00,320.99,320.12,18.05825603,21
2025-06-18 17:45:00,321.09,321.80,320.74,321.44,321.04,11.91215073,38
2025-06-18 18:00:00,321.48,321.48,318.29,318.40,319.45,48.30245388,73
2025-06-18 18:15:00,318.59,320.32,317.70,318.74,318.81,64.24376211,93
2025-06-18 18:30:00,318.61,319.23,317.01,317.72,318.27,105.91560517,121
2025-06-18 18:45:00,317.67,317.90,314.51,314.52,315.68,98.24184027,160
2025-06-18 19:00:00,314.51,316.16,314.11,316.16,314.66,43.50142555,60
2025-06-18 19:15:00,316.10,317.70,315.52,316.29,316.61,37.57679126,58
2025-06-18 19:30:00,316.11,316.45,314.93,314.93,315.55,29.49590134,59
2025-06-18 19:45:00,314.93,316.57,314.37,316.23,315.60,10.16061269,28
2025-06-18 20:00:00,316.25,316.26,315.40,316.26,316.04,2.10222532,15
2025-06-18 20:15:00,315.94,316.01,314.24,315.24,315.18,45.52505454,49
2025-06-18 20:30:00,314.86,316.81,314.78,316.81,315.59,14.87620377,49
2025-06-18 20:45:00,317.26,318.04,317.05,317.75,317.39,18.51806651,31
2025-06-18 21:00:00,317.66,317.67,316.42,316.43,317.19,16.56340628,29
2025-06-18 21:15:00,316.85,317.58,316.05,316.18,316.65,5.82900242,15
2025-06-18 21:30:00,316.19,317.57,316.19,317.57,317.32,3.84297308,14
2025-06-18 21:45:00,317.82,318.57,317.63,317.98,318.34,22.39961770,29
2025-06-18 22:00:00,318.00,318.00,316.84,317.45,317.35,11.71947100,11
2025-06-18 22:15:00,317.51,317.51,315.88,316.62,316.58,33.08712608,29
2025-06-18 22:30:00,316.62,317.06,316.23,317.05,316.67,13.11268988,18
2025-06-18 22:45:00,317.20,317.57,317.04,317.57,317.12,6.89521421,14
2025-06-18 23:00:00,317.55,317.99,317.44,317.90,317.84,6.79247421,15
2025-06-18 23:15:00,317.61,317.62,316.31,316.89,316.71,8.71319482,21
2025-06-18 23:30:00,316.77,316.77,315.91,315.94,316.34,5.01416516,22
2025-06-18 23:45:00,316.23,316.23,315.71,315.95,315.95,6.21110590,16
2025-06-19 00:00:00,316.22,316.24,314.99,314.99,315.80,1.33390786,13
2025-06-19 00:15:00,315.03,317.52,314.85,317.52,316.24,19.87359226,79
2025-06-19 00:30:00,317.52,318.10,317.52,317.93,317.74,16.54114469,36
2025-06-19 00:45:00,317.80,318.01,317.07,317.69,317.35,20.82162467,26
2025-06-19 01:00:00,317.54,320.99,317.54,319.88,319.43,110.23587843,114
2025-06-19 01:15:00,320.97,323.45,320.76,323.42,322.15,75.06252282,88
2025-06-19 01:30:00,323.01,323.45,322.63,322.98,322.93,21.41094062,48
2025-06-19 01:45:00,322.87,322.87,319.03,320.14,321.40,18.18499646,56
2025-06-19 02:00:00,320.20,320.88,319.01,319.01,319.92,19.54141823,33
2025-06-19 02:15:00,319.54,320.56,316.01,316.01,317.67,96.80718107,165
2025-06-19 02:30:00,316.80,317.25,314.51,315.43,315.82,102.94983177,132
2025-06-19 02:45:00,315.85,316.43,314.01,314.51,314.86,85.80174240,73
2025-06-19 03:00:00,314.54,315.11,314.13,314.68,314.73,24.18147033,44
2025-06-19 03:15:00,314.81,315.91,314.72,315.91,315.19,8.78416000,27
2025-06-19 03:30:00,316.24,316.49,314.84,315.74,315.88,43.32517406,127
2025-06-19 03:45:00,315.71,316.01,315.30,316.01,315.51,16.45222089,43
2025-06-19 04:00:00,316.00,316.29,315.97,316.00,316.04,1.75591939,12
2025-06-19 04:15:00,316.27,317.00,315.89,317.00,316.39,6.40817836,20
2025-06-19 04:30:00,316.57,316.57,316.10,316.10,316.25,5.33071400,15
2025-06-19 04:45:00,316.33,316.95,316.31,316.95,316.70,5.78880157,14
2025-06-19 05:00:00,317.19,317.38,317.10,317.31,317.30,1.99500138,9
2025-06-19 05:15:00,317.65,318.38,317.65,318.17,318.17,0.99644649,10
2025-06-19 05:30:00,318.20,318.34,317.70,318.19,317.91,1.51704647,7
2025-06-19 05:45:00,318.39,319.49,318.39,319.36,318.83,22.84150215,44
2025-06-19 06:00:00,318.78,319.12,317.56,318.19,318.35,5.42290191,13
2025-06-19 06:15:00,317.98,318.00,317.60,318.00,317.62,3.35101865,5
2025-06-19 06:30:00,317.60,318.21,315.70,315.70,317.76,11.29600059,45
2025-06-19 06:45:00,316.49,317.01,314.51,315.19,315.87,29.82662979,55
2025-06-19 07:00:00,315.17,315.19,313.76,314.37,314.22,74.62784018,54
2025-06-19 07:15:00,314.63,316.08,314.63,316.08,315.45,3.40151556,19
2025-06-19 07:30:00,315.29,315.69,315.29,315.69,315.46,3.48349382,15
2025-06-19 07:45:00,315.91,316.58,315.86,315.86,316.14,11.11898100,19
2025-06-19 08:00:00,315.88,317.07,315.88,316.78,316.64,31.03326200,32
2025-06-19 08:15:00,316.95,317.91,316.95,317.85,317.30,14.00952642,12
2025-06-19 08:30:00,317.90,318.46,317.75,317.75,317.99,15.49872354,33
2025-06-19 08:45:00,317.90,317.92,317.90,317.92,317.91,0.12490456,2
2025-06-19 09:00:00,317.98,318.99,317.98,318.98,318.48,20.82949000,52
2025-06-19 09:15:00,318.99,320.09,318.99,320.03,319.55,43.38361037,53
2025-06-19 09:30:00,320.04,320.09,318.42,318.42,319.79,24.80074460,45
2025-06-19 09:45:00,318.27,319.96,318.08,319.96,318.92,7.37382466,23
2025-06-19 10:00:00,320.08,321.11,319.68,319.68,320.38,79.04910977,68
2025-06-19 10:15:00,318.98,319.11,318.39,318.40,318.61,8.64261000,19
2025-06-19 10:30:00,318.40,319.75,318.26,319.75,318.50,30.43892415,46
2025-06-19 10:45:00,319.44,320.25,318.83,318.83,319.44,43.31857215,38
2025-06-19 11:00:00,319.42,319.42,317.01,317.69,317.82,54.61115329,37
2025-06-19 11:15:00,317.86,317.99,317.62,317.72,317.87,82.81471893,159
2025-06-19 11:30:00,317.93,317.96,317.66,317.80,317.87,97.82207708,95
2025-06-19 11:45:00,317.82,318.00,317.38,318.00,317.77,42.50105171,43
2025-06-19 12:00:00,317.62,319.59,317.48,319.59,317.90,25.81408380,30
2025-06-19 12:15:00,319.89,320.13,319.12,319.72,319.29,21.55136941,24
2025-06-19 12:30:00,319.80,319.89,319.17,319.36,319.52,4.89724715,14
2025-06-19 12:45:00,318.43,320.36,318.43,320.36,319.42,6.43430172,33
2025-06-19 13:00:00,320.36,321.00,320.14,320.71,320.62,4.14554370,17
2025-06-19 13:15:00,320.40,321.07,320.29,320.39,320.66,24.30643007,29
2025-06-19 13:30:00,320.81,321.49,319.07,319.07,320.65,58.43569788,41
2025-06-19 13:45:00,319.55,319.55,317.01,317.01,317.94,61.63700744,71
2025-06-19 14:00:00,317.19,319.66,317.03,319.10,318.29,18.33532743,42
2025-06-19 14:15:00,319.13,319.65,317.96,319.39,318.37,16.22530477,30
2025-06-19 14:30:00,319.80,319.82,318.16,318.16,319.32,11.14308304,14
2025-06-19 14:45:00,317.87,317.88,317.19,317.64,317.59,8.88754007,13
2025-06-19 15:00:00,317.48,318.46,317.48,318.18,318.30,15.91580329,30
2025-06-19 15:15:00,318.18,318.18,317.01,317.20,317.47,34.17504484,37
2025-06-19 15:30:00,317.20,317.27,316.01,316.19,316.54,45.83368450,71
2025-06-19 15:45:00,316.16,316.59,314.52,314.52,315.32,82.88898367,118
2025-06-19 16:00:00,314.63,315.69,314.00,314.00,314.40,71.83167063,103
2025-06-19 16:15:00,314.02,314.87,313.97,314.87,314.21,48.10986997,34
2025-06-19 16:30:00,314.88,315.15,313.64,315.15,314.25,60.52819832,69
2025-06-19 16:45:00,315.15,316.61,315.15,316.07,315.90,31.74473897,51
2025-06-19 17:00:00,315.95,316.00,313.99,315.05,314.52,146.14107067,44
2025-06-19 17:15:00,314.87,315.03,314.00,314.65,314.39,26.80025648,17
2025-06-19 17:30:00,314.65,316.19,314.65,315.69,315.88,22.11560107,28
2025-06-19 17:45:00,315.72,316.02,314.10,314.10,315.48,76.66260138,71
2025-06-19 18:00:00,314.37,314.92,314.12,314.92,314.61,12.95850996,13
2025-06-19 18:15:00,314.82,314.82,314.07,314.28,314.59,17.79280808,34
2025-06-19 18:30:00,314.10,314.98,314.10,314.98,314.48,20.79803005,24
2025-06-19 18:45:00,314.89,315.88,314.89,315.88,315.15,11.76888870,19
2025-06-19 19:00:00,316.18,316.35,315.57,316.07,315.71,18.83701116,17
2025-06-19 19:15:00,316.09,316.09,315.22,315.22,315.72,4.30945200,13
2025-06-19 19:30:00,315.45,315.95,315.31,315.31,315.50,25.37507742,30
2025-06-19 19:45:00,315.15,315.44,315.06,315.17,315.17,10.98264603,16
2025-06-19 20:00:00,315.36,315.63,314.90,315.58,315.31,15.62733245,26
2025-06-19 20:15:00,316.30,316.30,301.86,302.16,307.97,9317.27337660,2777
2025-06-19 20:30:00,303.07,306.60,302.99,305.66,305.25,100.01657135,115
2025-06-19 20:45:00,305.60,307.28,305.60,307.09,306.83,82.07437694,73
2025-06-19 21:00:00,307.10,307.10,307.00,307.04,307.08,51.28311278,105
2025-06-19 21:15:00,307.00,307.76,307.00,307.14,307.47,15.13390998,25
2025-06-19 21:30:00,307.81,308.07,307.81,308.03,308.00,17.97174194,17
2025-06-19 21:45:00,308.03,308.27,306.93,306.93,307.47,31.03649424,28
2025-06-19 22:00:00,306.70,307.61,306.70,307.61,307.32,7.83405437,15
2025-06-19 22:15:00,307.61,307.73,306.21,307.48,306.74,29.11691194,39
2025-06-19 22:30:00,307.56,308.58,307.55,308.57,307.90,105.64441826,104
2025-06-19 22:45:00,308.55,308.56,306.81,307.00,307.11,25.79519197,43
2025-06-19 23:00:00,306.57,308.25,306.34,308.08,307.08,9.95899566,34
2025-06-19 23:15:00,308.51,308.69,306.72,306.72,307.96,3.46213887,16
2025-06-19 23:30:00,306.93,308.88,306.93,308.87,308.29,31.46620718,55
2025-06-19 23:45:00,308.88,311.07,308.88,310.75,310.09,33.76573629,73
2025-06-20 00:00:00,310.77,310.77,308.07,308.07,309.12,70.47599655,65
2025-06-20 00:15:00,307.97,309.64,306.67,307.71,309.18,133.04617112,67
2025-06-20 00:30:00,307.93,308.54,307.19,308.44,307.90,25.29619039,57
2025-06-20 00:45:00,309.02,310.44,308.20,308.20,309.75,7.21109103,29
2025-06-20 01:00:00,308.26,308.26,306.74,307.61,307.31,11.15260733,39
2025-06-20 01:15:00,307.77,307.77,306.20,306.35,306.60,24.25114009,38
2025-06-20 01:30:00,306.13,307.46,306.01,307.46,306.80,39.46259623,56
2025-06-20 01:45:00,307.86,308.06,306.79,307.20,307.23,17.72086488,30
2025-06-20 02:00:00,307.16,307.48,306.77,307.48,307.18,13.27589257,28
2025-06-20 02:15:00,307.66,309.16,307.55,309.16,308.32,43.83235576,86
2025-06-20 02:30:00,308.96,309.98,308.96,309.57,309.53,25.12785292,50
2025-06-20 02:45:00,309.55,310.11,308.60,308.70,309.59,39.21321901,82
2025-06-20 03:00:00,308.71,309.98,308.71,309.57,309.38,32.19883487,60
2025-06-20 03:15:00,309.84,310.16,308.83,308.83,309.93,20.81596921,33
2025-06-20 03:30:00,308.66,309.98,308.47,309.98,309.74,18.36801133,44
2025-06-20 03:45:00,309.72,309.74,308.94,309.29,309.43,15.05697576,23
2025-06-20 04:00:00,309.20,309.20,308.38,308.42,308.52,4.29806259,10
2025-06-20 04:15:00,308.43,309.02,308.29,308.88,308.58,17.77735438,30
2025-06-20 04:30:00,308.69,308.69,307.56,307.56,308.26,6.33799570,19
2025-06-20 04:45:00,307.72,307.79,306.75,307.29,307.29,38.40802489,31
2025-06-20 05:00:00,307.38,307.83,307.38,307.67,307.62,7.33614501,21
2025-06-20 05:15:00,307.21,307.21,306.63,306.65,306.66,32.15907081,23
2025-06-20 05:30:00,306.64,306.66,306.36,306.59,306.58,18.94720679,19
2025-06-20 05:45:00,306.55,306.94,306.47,306.94,306.68,22.85129627,27
2025-06-20 06:00:00,306.85,308.61,306.85,308.14,307.87,49.32621090,103
2025-06-20 06:15:00,308.52,310.03,308.52,309.54,309.55,28.93420720,29
2025-06-20 06:30:00,309.97,310.74,309.61,310.74,310.20,25.58057625,36
2025-06-20 06:45:00,310.82,313.06,310.82,312.11,311.89,160.75363422,179
2025-06-20 07:00:00,312.17,314.39,312.05,312.99,313.12,123.77618596,119
2025-06-20 07:15:00,313.19,314.99,313.19,314.94,314.10,306.12753544,282
2025-06-20 07:30:00,314.98,316.49,314.98,315.70,315.66,154.88439311,208
2025-06-20 07:45:00,315.58,315.58,314.75,315.37,315.15,16.16733454,31
2025-06-20 08:00:00,315.54,317.30,315.54,317.30,316.72,130.18402248,93
2025-06-20 08:15:00,317.38,318.99,317.37,318.96,318.25,139.39718588,117
2025-06-20 08:30:00,318.06,318.28,315.21,315.21,317.31,23.10527541,32
2025-06-20 08:45:00,315.74,316.39,314.52,314.95,315.35,76.81704599,64
2025-06-20 09:00:00,314.78,315.47,314.57,315.42,314.88,21.99472000,24
2025-06-20 09:15:00,315.55,317.49,315.55,317.49,317.01,102.43939659,97
2025-06-20 09:30:00,317.13,317.55,316.54,316.83,316.91,52.79942620,63
2025-06-20 09:45:00,317.06,317.06,315.62,315.62,316.62,12.12223022,21
2025-06-20 10:00:00,315.94,316.98,315.03,316.42,316.40,49.02183557,55
2025-06-20 10:15:00,317.06,317.63,316.80,316.92,317.22,55.28582544,37
2025-06-20 10:30:00,317.41,317.99,317.41,317.99,317.85,15.54995346,51
2025-06-20 10:45:00,317.21,317.21,316.11,316.80,316.33,14.71789708,23
2025-06-20 11:00:00,316.38,316.46,315.95,315.95,316.25,2.01853291,7
2025-06-20 11:15:00,315.46,315.46,314.35,314.98,314.70,24.49365650,29
2025-06-20 11:30:00,314.75,315.68,314.10,314.15,315.37,28.03116274,52
2025-06-20 11:45:00,315.03,315.03,313.69,314.25,314.05,65.74542005,25
2025-06-20 12:00:00,314.41,314.41,312.54,312.65,313.12,54.24622809,59
2025-06-20 12:15:00,312.60,313.74,312.55,313.59,312.87,36.70994648,79
2025-06-20 12:30:00,314.10,315.48,314.01,315.21,314.66,9.52227375,23
2025-06-20 12:45:00,315.28,315.28,314.21,314.27,314.67,7.55386000,12
2025-06-20 13:00:00,314.33,315.04,313.81,313.95,314.29,19.56725715,28
2025-06-20 13:15:00,313.54,313.54,312.59,312.78,312.96,19.93437446,26
2025-06-20 13:30:00,312.93,313.11,312.54,312.80,312.79,6.20380133,10
2025-06-20 13:45:00,312.80,313.54,312.15,313.14,312.46,83.70241020,84
2025-06-20 14:00:00,313.47,313.47,312.15,312.23,312.25,86.26776982,43
2025-06-20 14:15:00,312.62,312.83,312.15,312.83,312.23,71.88924673,52
2025-06-20 14:30:00,312.69,312.93,312.15,312.45,312.25,62.70591005,46
2025-06-20 14:45:00,312.36,312.42,311.02,311.57,311.78,192.23297222,135
2025-06-20 15:00:00,311.01,312.37,310.60,312.13,311.63,187.81874769,75
2025-06-20 15:15:00,311.53,313.35,311.53,313.35,312.89,13.33714045,22
2025-06-20 15:30:00,312.53,312.53,311.76,311.96,311.99,5.29898851,10
2025-06-20 15:45:00,311.33,311.58,310.89,311.47,311.39,38.98919077,28
2025-06-20 16:00:00,311.52,311.56,310.74,311.21,311.05,26.78333735,13
2025-06-20 16:15:00,310.92,311.57,310.77,311.21,311.16,21.13642175,18
2025-06-20 16:30:00,311.18,311.18,309.81,309.81,310.43,31.55615990,80
2025-06-20 16:45:00,309.57,312.49,309.34,311.46,311.56,98.57018096,53
2025-06-20 17:00:00,311.18,311.18,308.34,308.34,309.93,66.51813368,64
2025-06-20 17:15:00,308.40,308.57,304.66,305.03,306.39,246.15071265,133
2025-06-20 17:30:00,304.82,307.99,303.76,307.99,305.66,104.57882532,103
2025-06-20 17:45:00,307.83,308.34,306.92,307.98,307.90,82.69276958,137
2025-06-20 18:00:00,307.70,308.99,307.53,308.24,308.26,124.31787443,114
2025-06-20 18:15:00,308.42,308.45,307.95,308.11,308.35,78.80546398,84
2025-06-20 18:30:00,308.02,308.18,308.00,308.01,308.04,19.96893019,24
2025-06-20 18:45:00,308.00,308.17,306.53,307.61,307.12,144.46758691,69
2025-06-20 19:00:00,307.95,308.02,307.14,307.62,307.56,11.32120000,22
2025-06-20 19:15:00,307.16,308.46,307.16,308.26,307.51,49.21248547,31
2025-06-20 19:30:00,308.48,308.97,307.50,307.50,308.33,16.81081485,26
2025-06-20 19:45:00,308.11,308.41,307.78,308.41,308.03,6.06556405,14
2025-06-20 20:00:00,308.49,310.44,308.49,310.44,309.85,18.21551050,30
2025-06-20 20:15:00,310.28,310.36,309.74,310.36,310.12,4.23792618,7
2025-06-20 20:30:00,310.31,311.29,310.31,311.09,310.96,4.55930543,24
2025-06-20 20:45:00,310.83,311.20,310.53,311.20,310.87,3.25243259,12
2025-06-20 21:00:00,310.91,310.92,308.34,308.92,309.95,8.67012558,16
2025-06-20 21:15:00,309.03,309.35,308.32,309.35,308.79,8.68511615,21
2025-06-20 21:30:00,309.57,310.77,309.57,310.77,309.88,9.43234252,14
2025-06-20 21:45:00,311.28,313.55,311.28,313.54,312.47,164.46620557,51
2025-06-20 22:00:00,312.88,313.84,312.82,313.84,313.57,9.63507682,14
2025-06-20 22:15:00,312.97,313.84,311.44,311.56,311.75,6.68777337,15
2025-06-20 22:30:00,311.67,312.44,311.43,312.14,311.62,4.26150664,9
2025-06-20 22:45:00,311.59,313.11,310.15,313.06,312.08,7.37767724,25
2025-06-20 23:00:00,313.10,313.40,312.24,312.24,313.14,4.33277489,13
2025-06-20 23:15:00,312.24,312.79,311.61,312.79,311.92,8.22712000,13
2025-06-20 23:30:00,312.33,312.34,311.70,311.97,311.93,10.83282020,20
2025-06-20 23:45:00,312.21,312.31,309.23,310.61,310.36,29.40481472,72
2025-06-21 00:00:00,310.70,310.70,309.94,309.94,310.25,0.94372190,7
2025-06-21 00:15:00,310.03,311.14,309.66,311.14,309.86,10.60669145,25
2025-06-21 00:30:00,310.75,311.44,309.85,311.08,310.32,10.67928349,20
2025-06-21 00:45:00,311.54,312.87,311.54,312.67,312.12,10.74627463,24
2025-06-21 01:00:00,312.49,314.16,312.49,314.16,313.11,41.34617632,69
2025-06-21 01:15:00,314.37,314.47,313.67,314.11,314.15,20.49347700,33
2025-06-21 01:30:00,314.21,315.99,314.21,315.99,315.02,41.13275124,149
2025-06-21 01:45:00,315.98,316.49,315.98,316.46,316.18,22.55745220,60
2025-06-21 02:00:00,316.49,317.38,316.49,316.59,316.89,35.47446761,102
2025-06-21 02:15:00,316.01,317.30,316.01,316.59,316.99,2.61010485,11
2025-06-21 02:30:00,316.76,317.31,316.75,317.14,317.04,4.22366597,17
2025-06-21 02:45:00,317.18,317.38,316.35,317.01,317.09,30.52150893,26
2025-06-21 03:00:00,317.01,317.49,317.01,317.32,317.35,13.54857397,22
2025-06-21 03:15:00,317.35,317.35,316.32,316.58,316.92,7.39805132,10
2025-06-21 03:30:00,316.29,316.59,316.23,316.48,316.27,9.87978620,12
2025-06-21 03:45:00,316.10,316.26,315.08,315.39,315.95,18.20424206,26
2025-06-21 04:00:00,315.40,315.88,314.79,315.44,315.12,5.07740606,26
2025-06-21 04:15:00,315.12,315.23,314.94,314.96,315.01,3.08077000,8
2025-06-21 04:30:00,314.95,315.59,314.50,314.50,315.41,18.86253293,13
2025-06-21 04:45:00,314.72,315.00,314.68,315.00,314.76,8.43386295,13
2025-06-21 05:00:00,314.86,314.86,313.55,314.01,314.04,6.43390481,16
2025-06-21 05:15:00,314.21,314.33,313.87,313.97,314.05,2.79572000,9
2025-06-21 05:30:00,314.18,314.36,313.91,314.09,314.23,3.05287138,11
2025-06-21 05:45:00,314.04,314.12,313.51,313.72,313.78,3.11017655,10
2025-06-21 06:00:00,313.89,314.00,313.67,313.91,313.88,5.51064000,17
2025-06-21 06:15:00,313.22,313.33,312.51,312.92,312.77,23.54198714,25
2025-06-21 06:30:00,312.98,314.33,312.74,314.33,313.33,73.70970177,45
2025-06-21 06:45:00,314.49,316.10,314.49,316.10,315.11,22.37163581,34
2025-06-21 07:00:00,316.09,317.13,316.09,317.13,316.88,15.38014796,25
2025-06-21 07:15:00,317.09,317.09,317.09,317.09,317.09,0.04582000,1
2025-06-21 07:30:00,317.29,317.29,316.12,316.59,316.28,28.31815068,25
2025-06-21 07:45:00,316.48,317.26,316.13,316.18,316.76,50.56273742,36
2025-06-21 08:00:00,316.20,316.92,315.02,315.67,316.03,72.40606276,59
2025-06-21 08:15:00,315.07,316.05,314.56,315.60,315.55,69.42326045,60
2025-06-21 08:30:00,315.70,315.70,313.98,314.38,314.25,20.68089000,23
2025-06-21 08:45:00,314.40,315.19,314.37,315.19,314.62,1.82190882,11
2025-06-21 09:00:00,314.57,314.80,314.57,314.80,314.75,8.13566000,6
2025-06-21 09:15:00,315.20,315.93,315.20,315.93,315.43,1.60765594,10
2025-06-21 09:30:00,315.35,316.11,314.81,316.01,315.83,29.86986895,21
2025-06-21 09:45:00,315.50,315.80,315.50,315.80,315.64,3.40360000,4
2025-06-21 10:00:00,315.72,316.12,315.41,315.59,315.56,9.10012262,15
2025-06-21 10:15:00,315.57,317.02,315.42,317.02,316.00,24.60683599,56
2025-06-21 10:30:00,317.05,317.08,316.66,316.78,316.79,15.73802337,16
2025-06-21 10:45:00,316.75,316.78,316.66,316.66,316.70,5.46503511,3
2025-06-21 11:00:00,316.64,316.66,315.80,315.83,316.43,6.17670000,11
2025-06-21 11:15:00,315.58,315.58,314.02,314.03,314.84,43.87786048,27
2025-06-21 11:30:00,314.45,314.45,312.64,313.57,313.38,181.11790393,53
2025-06-21 11:45:00,313.60,314.01,313.60,314.01,313.87,1.94918981,4
2025-06-21 12:00:00,314.30,314.84,314.09,314.84,314.42,4.13477000,14
2025-06-21 12:15:00,315.06,315.86,315.06,315.86,315.55,24.69549843,38
2025-06-21 12:30:00,315.91,317.07,315.83,316.58,316.96,28.09543669,46
2025-06-21 12:45:00,316.77,316.81,314.67,314.69,315.07,14.69593028,26
2025-06-21 13:00:00,314.95,315.36,314.95,314.96,314.98,16.86774553,28
2025-06-21 13:15:00,315.47,315.82,315.04,315.52,315.43,7.34867000,22
2025-06-21 13:30:00,315.83,315.90,314.83,314.83,315.21,4.62102311,16
2025-06-21 13:45:00,314.38,314.53,312.73,312.84,313.44,20.63480947,36
2025-06-21 14:00:00,312.85,313.09,311.70,311.92,312.24,90.71542282,92
2025-06-21 14:15:00,311.63,311.66,311.01,311.01,311.25,37.95587709,56
2025-06-21 14:30:00,310.98,312.15,310.98,312.00,311.87,18.04846925,18
2025-06-21 14:45:00,311.74,311.74,311.35,311.35,311.47,2.40845506,13
2025-06-21 15:00:00,311.80,312.28,311.46,311.55,311.76,45.99820685,35
2025-06-21 15:15:00,311.61,311.61,310.95,310.95,311.33,1.79618515,10
2025-06-21 15:30:00,310.97,310.98,310.52,310.52,310.70,3.72636654,14
2025-06-21 15:45:00,310.52,311.82,310.52,311.80,311.68,21.08623882,20
2025-06-21 16:00:00,311.45,312.17,311.45,312.01,311.61,5.55445568,13
2025-06-21 16:15:00,311.55,312.24,311.55,312.24,311.75,12.41472896,13
2025-06-21 16:30:00,312.32,312.32,311.08,311.09,311.32,10.27772013,11
2025-06-21 16:45:00,310.79,314.49,310.79,313.60,312.21,165.56326057,137
2025-06-21 17:00:00,313.56,314.40,313.55,313.75,313.94,10.08298000,20
2025-06-21 17:15:00,313.80,315.06,313.01,314.80,313.74,57.31407437,71
2025-06-21 17:30:00,314.65,314.65,313.12,313.62,313.94,49.42217235,46
2025-06-21 17:45:00,313.11,314.62,311.49,313.03,313.31,47.02978360,118
2025-06-21 18:00:00,312.95,314.43,312.95,314.08,313.75,25.89159781,45
2025-06-21 18:15:00,313.66,314.12,313.25,313.34,313.49,19.56271372,69
2025-06-21 18:30:00,313.27,313.96,313.10,313.44,313.71,9.38593247,26
2025-06-21 18:45:00,312.88,312.93,311.30,311.37,312.29,10.38297000,18
2025-06-21 19:00:00,311.39,311.73,310.79,310.79,311.19,47.17585304,44
2025-06-21 19:15:00,311.11,311.44,310.49,310.50,310.56,12.15000195,17
2025-06-21 19:30:00,310.50,310.50,309.64,309.67,309.87,24.11317854,21
2025-06-21 19:45:00,309.64,309.67,309.16,309.35,309.40,9.86828985,18
